#
# TABLE STRUCTURE FOR: communities
#

DROP TABLE IF EXISTS `communities`;

CREATE TABLE `communities` (
  `id` int(10) unsigned NOT NULL AUTO_INCREMENT,
  `name` varchar(150) COLLATE utf8_unicode_ci NOT NULL,
  PRIMARY KEY (`id`),
  UNIQUE KEY `name` (`name`)
) ENGINE=InnoDB AUTO_INCREMENT=51 DEFAULT CHARSET=utf8 COLLATE=utf8_unicode_ci;

INSERT INTO `communities` (`id`, `name`) VALUES (29, 'architecto');
INSERT INTO `communities` (`id`, `name`) VALUES (6, 'assumenda');
INSERT INTO `communities` (`id`, `name`) VALUES (19, 'aut');
INSERT INTO `communities` (`id`, `name`) VALUES (5, 'deleniti');
INSERT INTO `communities` (`id`, `name`) VALUES (46, 'dignissimos');
INSERT INTO `communities` (`id`, `name`) VALUES (1, 'dolore');
INSERT INTO `communities` (`id`, `name`) VALUES (39, 'ducimus');
INSERT INTO `communities` (`id`, `name`) VALUES (3, 'eaque');
INSERT INTO `communities` (`id`, `name`) VALUES (24, 'eius');
INSERT INTO `communities` (`id`, `name`) VALUES (34, 'eos');
INSERT INTO `communities` (`id`, `name`) VALUES (15, 'est');
INSERT INTO `communities` (`id`, `name`) VALUES (21, 'et');
INSERT INTO `communities` (`id`, `name`) VALUES (22, 'eum');
INSERT INTO `communities` (`id`, `name`) VALUES (36, 'ex');
INSERT INTO `communities` (`id`, `name`) VALUES (47, 'expedita');
INSERT INTO `communities` (`id`, `name`) VALUES (38, 'explicabo');
INSERT INTO `communities` (`id`, `name`) VALUES (8, 'fugiat');
INSERT INTO `communities` (`id`, `name`) VALUES (33, 'fugit');
INSERT INTO `communities` (`id`, `name`) VALUES (20, 'id');
INSERT INTO `communities` (`id`, `name`) VALUES (45, 'illum');
INSERT INTO `communities` (`id`, `name`) VALUES (41, 'impedit');
INSERT INTO `communities` (`id`, `name`) VALUES (31, 'in');
INSERT INTO `communities` (`id`, `name`) VALUES (43, 'inventore');
INSERT INTO `communities` (`id`, `name`) VALUES (23, 'ipsum');
INSERT INTO `communities` (`id`, `name`) VALUES (35, 'laudantium');
INSERT INTO `communities` (`id`, `name`) VALUES (42, 'mollitia');
INSERT INTO `communities` (`id`, `name`) VALUES (32, 'nobis');
INSERT INTO `communities` (`id`, `name`) VALUES (50, 'non');
INSERT INTO `communities` (`id`, `name`) VALUES (40, 'numquam');
INSERT INTO `communities` (`id`, `name`) VALUES (18, 'occaecati');
INSERT INTO `communities` (`id`, `name`) VALUES (28, 'officia');
INSERT INTO `communities` (`id`, `name`) VALUES (4, 'officiis');
INSERT INTO `communities` (`id`, `name`) VALUES (37, 'omnis');
INSERT INTO `communities` (`id`, `name`) VALUES (27, 'optio');
INSERT INTO `communities` (`id`, `name`) VALUES (10, 'porro');
INSERT INTO `communities` (`id`, `name`) VALUES (26, 'quam');
INSERT INTO `communities` (`id`, `name`) VALUES (44, 'quas');
INSERT INTO `communities` (`id`, `name`) VALUES (11, 'qui');
INSERT INTO `communities` (`id`, `name`) VALUES (9, 'quia');
INSERT INTO `communities` (`id`, `name`) VALUES (2, 'quisquam');
INSERT INTO `communities` (`id`, `name`) VALUES (7, 'rerum');
INSERT INTO `communities` (`id`, `name`) VALUES (16, 'similique');
INSERT INTO `communities` (`id`, `name`) VALUES (49, 'sit');
INSERT INTO `communities` (`id`, `name`) VALUES (30, 'suscipit');
INSERT INTO `communities` (`id`, `name`) VALUES (25, 'totam');
INSERT INTO `communities` (`id`, `name`) VALUES (14, 'ut');
INSERT INTO `communities` (`id`, `name`) VALUES (12, 'vel');
INSERT INTO `communities` (`id`, `name`) VALUES (13, 'voluptates');
INSERT INTO `communities` (`id`, `name`) VALUES (48, 'voluptatibus');
INSERT INTO `communities` (`id`, `name`) VALUES (17, 'voluptatum');


#
# TABLE STRUCTURE FOR: communities_users
#

DROP TABLE IF EXISTS `communities_users`;

CREATE TABLE `communities_users` (
  `community_id` int(10) unsigned NOT NULL,
  `user_id` int(10) unsigned NOT NULL,
  PRIMARY KEY (`community_id`,`user_id`)
) ENGINE=InnoDB DEFAULT CHARSET=utf8 COLLATE=utf8_unicode_ci;

INSERT INTO `communities_users` (`community_id`, `user_id`) VALUES (1, 1);
INSERT INTO `communities_users` (`community_id`, `user_id`) VALUES (1, 51);
INSERT INTO `communities_users` (`community_id`, `user_id`) VALUES (2, 2);
INSERT INTO `communities_users` (`community_id`, `user_id`) VALUES (2, 52);
INSERT INTO `communities_users` (`community_id`, `user_id`) VALUES (3, 3);
INSERT INTO `communities_users` (`community_id`, `user_id`) VALUES (3, 53);
INSERT INTO `communities_users` (`community_id`, `user_id`) VALUES (4, 4);
INSERT INTO `communities_users` (`community_id`, `user_id`) VALUES (4, 54);
INSERT INTO `communities_users` (`community_id`, `user_id`) VALUES (5, 5);
INSERT INTO `communities_users` (`community_id`, `user_id`) VALUES (5, 55);
INSERT INTO `communities_users` (`community_id`, `user_id`) VALUES (6, 6);
INSERT INTO `communities_users` (`community_id`, `user_id`) VALUES (6, 56);
INSERT INTO `communities_users` (`community_id`, `user_id`) VALUES (7, 7);
INSERT INTO `communities_users` (`community_id`, `user_id`) VALUES (7, 57);
INSERT INTO `communities_users` (`community_id`, `user_id`) VALUES (8, 8);
INSERT INTO `communities_users` (`community_id`, `user_id`) VALUES (8, 58);
INSERT INTO `communities_users` (`community_id`, `user_id`) VALUES (9, 9);
INSERT INTO `communities_users` (`community_id`, `user_id`) VALUES (9, 59);
INSERT INTO `communities_users` (`community_id`, `user_id`) VALUES (10, 10);
INSERT INTO `communities_users` (`community_id`, `user_id`) VALUES (10, 60);
INSERT INTO `communities_users` (`community_id`, `user_id`) VALUES (11, 11);
INSERT INTO `communities_users` (`community_id`, `user_id`) VALUES (11, 61);
INSERT INTO `communities_users` (`community_id`, `user_id`) VALUES (12, 12);
INSERT INTO `communities_users` (`community_id`, `user_id`) VALUES (12, 62);
INSERT INTO `communities_users` (`community_id`, `user_id`) VALUES (13, 13);
INSERT INTO `communities_users` (`community_id`, `user_id`) VALUES (13, 63);
INSERT INTO `communities_users` (`community_id`, `user_id`) VALUES (14, 14);
INSERT INTO `communities_users` (`community_id`, `user_id`) VALUES (14, 64);
INSERT INTO `communities_users` (`community_id`, `user_id`) VALUES (15, 15);
INSERT INTO `communities_users` (`community_id`, `user_id`) VALUES (15, 65);
INSERT INTO `communities_users` (`community_id`, `user_id`) VALUES (16, 16);
INSERT INTO `communities_users` (`community_id`, `user_id`) VALUES (16, 66);
INSERT INTO `communities_users` (`community_id`, `user_id`) VALUES (17, 17);
INSERT INTO `communities_users` (`community_id`, `user_id`) VALUES (17, 67);
INSERT INTO `communities_users` (`community_id`, `user_id`) VALUES (18, 18);
INSERT INTO `communities_users` (`community_id`, `user_id`) VALUES (18, 68);
INSERT INTO `communities_users` (`community_id`, `user_id`) VALUES (19, 19);
INSERT INTO `communities_users` (`community_id`, `user_id`) VALUES (19, 69);
INSERT INTO `communities_users` (`community_id`, `user_id`) VALUES (20, 20);
INSERT INTO `communities_users` (`community_id`, `user_id`) VALUES (20, 70);
INSERT INTO `communities_users` (`community_id`, `user_id`) VALUES (21, 21);
INSERT INTO `communities_users` (`community_id`, `user_id`) VALUES (21, 71);
INSERT INTO `communities_users` (`community_id`, `user_id`) VALUES (22, 22);
INSERT INTO `communities_users` (`community_id`, `user_id`) VALUES (22, 72);
INSERT INTO `communities_users` (`community_id`, `user_id`) VALUES (23, 23);
INSERT INTO `communities_users` (`community_id`, `user_id`) VALUES (23, 73);
INSERT INTO `communities_users` (`community_id`, `user_id`) VALUES (24, 24);
INSERT INTO `communities_users` (`community_id`, `user_id`) VALUES (24, 74);
INSERT INTO `communities_users` (`community_id`, `user_id`) VALUES (25, 25);
INSERT INTO `communities_users` (`community_id`, `user_id`) VALUES (25, 75);
INSERT INTO `communities_users` (`community_id`, `user_id`) VALUES (26, 26);
INSERT INTO `communities_users` (`community_id`, `user_id`) VALUES (26, 76);
INSERT INTO `communities_users` (`community_id`, `user_id`) VALUES (27, 27);
INSERT INTO `communities_users` (`community_id`, `user_id`) VALUES (27, 77);
INSERT INTO `communities_users` (`community_id`, `user_id`) VALUES (28, 28);
INSERT INTO `communities_users` (`community_id`, `user_id`) VALUES (28, 78);
INSERT INTO `communities_users` (`community_id`, `user_id`) VALUES (29, 29);
INSERT INTO `communities_users` (`community_id`, `user_id`) VALUES (29, 79);
INSERT INTO `communities_users` (`community_id`, `user_id`) VALUES (30, 30);
INSERT INTO `communities_users` (`community_id`, `user_id`) VALUES (30, 80);
INSERT INTO `communities_users` (`community_id`, `user_id`) VALUES (31, 31);
INSERT INTO `communities_users` (`community_id`, `user_id`) VALUES (31, 81);
INSERT INTO `communities_users` (`community_id`, `user_id`) VALUES (32, 32);
INSERT INTO `communities_users` (`community_id`, `user_id`) VALUES (32, 82);
INSERT INTO `communities_users` (`community_id`, `user_id`) VALUES (33, 33);
INSERT INTO `communities_users` (`community_id`, `user_id`) VALUES (33, 83);
INSERT INTO `communities_users` (`community_id`, `user_id`) VALUES (34, 34);
INSERT INTO `communities_users` (`community_id`, `user_id`) VALUES (34, 84);
INSERT INTO `communities_users` (`community_id`, `user_id`) VALUES (35, 35);
INSERT INTO `communities_users` (`community_id`, `user_id`) VALUES (35, 85);
INSERT INTO `communities_users` (`community_id`, `user_id`) VALUES (36, 36);
INSERT INTO `communities_users` (`community_id`, `user_id`) VALUES (36, 86);
INSERT INTO `communities_users` (`community_id`, `user_id`) VALUES (37, 37);
INSERT INTO `communities_users` (`community_id`, `user_id`) VALUES (37, 87);
INSERT INTO `communities_users` (`community_id`, `user_id`) VALUES (38, 38);
INSERT INTO `communities_users` (`community_id`, `user_id`) VALUES (38, 88);
INSERT INTO `communities_users` (`community_id`, `user_id`) VALUES (39, 39);
INSERT INTO `communities_users` (`community_id`, `user_id`) VALUES (39, 89);
INSERT INTO `communities_users` (`community_id`, `user_id`) VALUES (40, 40);
INSERT INTO `communities_users` (`community_id`, `user_id`) VALUES (40, 90);
INSERT INTO `communities_users` (`community_id`, `user_id`) VALUES (41, 41);
INSERT INTO `communities_users` (`community_id`, `user_id`) VALUES (41, 91);
INSERT INTO `communities_users` (`community_id`, `user_id`) VALUES (42, 42);
INSERT INTO `communities_users` (`community_id`, `user_id`) VALUES (42, 92);
INSERT INTO `communities_users` (`community_id`, `user_id`) VALUES (43, 43);
INSERT INTO `communities_users` (`community_id`, `user_id`) VALUES (43, 93);
INSERT INTO `communities_users` (`community_id`, `user_id`) VALUES (44, 44);
INSERT INTO `communities_users` (`community_id`, `user_id`) VALUES (44, 94);
INSERT INTO `communities_users` (`community_id`, `user_id`) VALUES (45, 45);
INSERT INTO `communities_users` (`community_id`, `user_id`) VALUES (45, 95);
INSERT INTO `communities_users` (`community_id`, `user_id`) VALUES (46, 46);
INSERT INTO `communities_users` (`community_id`, `user_id`) VALUES (46, 96);
INSERT INTO `communities_users` (`community_id`, `user_id`) VALUES (47, 47);
INSERT INTO `communities_users` (`community_id`, `user_id`) VALUES (47, 97);
INSERT INTO `communities_users` (`community_id`, `user_id`) VALUES (48, 48);
INSERT INTO `communities_users` (`community_id`, `user_id`) VALUES (48, 98);
INSERT INTO `communities_users` (`community_id`, `user_id`) VALUES (49, 49);
INSERT INTO `communities_users` (`community_id`, `user_id`) VALUES (49, 99);
INSERT INTO `communities_users` (`community_id`, `user_id`) VALUES (50, 50);
INSERT INTO `communities_users` (`community_id`, `user_id`) VALUES (50, 100);


#
# TABLE STRUCTURE FOR: friendship
#

DROP TABLE IF EXISTS `friendship`;

CREATE TABLE `friendship` (
  `user_id` int(10) unsigned NOT NULL,
  `friend_id` int(10) unsigned NOT NULL,
  `status_id` int(10) unsigned NOT NULL,
  `requested_at` datetime DEFAULT current_timestamp(),
  `confirmed_at` datetime DEFAULT NULL,
  PRIMARY KEY (`user_id`,`friend_id`)
) ENGINE=InnoDB DEFAULT CHARSET=utf8 COLLATE=utf8_unicode_ci;

INSERT INTO `friendship` (`user_id`, `friend_id`, `status_id`, `requested_at`, `confirmed_at`) VALUES (1, 1, 1, '1986-09-02 04:46:13', '2019-06-30 02:54:51');
INSERT INTO `friendship` (`user_id`, `friend_id`, `status_id`, `requested_at`, `confirmed_at`) VALUES (2, 2, 2, '1983-06-18 00:01:49', '1992-11-18 21:18:14');
INSERT INTO `friendship` (`user_id`, `friend_id`, `status_id`, `requested_at`, `confirmed_at`) VALUES (3, 3, 3, '2007-08-03 09:56:58', '1994-02-05 12:14:38');
INSERT INTO `friendship` (`user_id`, `friend_id`, `status_id`, `requested_at`, `confirmed_at`) VALUES (4, 4, 4, '1998-04-10 09:53:35', '1982-12-19 02:50:06');
INSERT INTO `friendship` (`user_id`, `friend_id`, `status_id`, `requested_at`, `confirmed_at`) VALUES (5, 5, 5, '1982-09-26 02:44:26', '2003-06-08 08:51:47');
INSERT INTO `friendship` (`user_id`, `friend_id`, `status_id`, `requested_at`, `confirmed_at`) VALUES (6, 6, 6, '2011-05-29 04:22:40', '1993-06-28 08:27:00');
INSERT INTO `friendship` (`user_id`, `friend_id`, `status_id`, `requested_at`, `confirmed_at`) VALUES (7, 7, 7, '2015-12-21 20:15:43', '1975-10-20 08:05:35');
INSERT INTO `friendship` (`user_id`, `friend_id`, `status_id`, `requested_at`, `confirmed_at`) VALUES (8, 8, 8, '2003-12-11 05:42:38', '1992-03-19 12:37:10');
INSERT INTO `friendship` (`user_id`, `friend_id`, `status_id`, `requested_at`, `confirmed_at`) VALUES (9, 9, 9, '1997-06-16 12:17:17', '1983-06-12 04:22:02');
INSERT INTO `friendship` (`user_id`, `friend_id`, `status_id`, `requested_at`, `confirmed_at`) VALUES (10, 10, 10, '1998-07-01 10:54:54', '2009-06-14 05:45:01');
INSERT INTO `friendship` (`user_id`, `friend_id`, `status_id`, `requested_at`, `confirmed_at`) VALUES (11, 11, 1, '1990-08-12 11:50:41', '2016-03-24 13:42:57');
INSERT INTO `friendship` (`user_id`, `friend_id`, `status_id`, `requested_at`, `confirmed_at`) VALUES (12, 12, 2, '2005-06-11 08:58:25', '2009-03-18 23:11:05');
INSERT INTO `friendship` (`user_id`, `friend_id`, `status_id`, `requested_at`, `confirmed_at`) VALUES (13, 13, 3, '2016-05-06 17:19:05', '1975-03-17 09:13:34');
INSERT INTO `friendship` (`user_id`, `friend_id`, `status_id`, `requested_at`, `confirmed_at`) VALUES (14, 14, 4, '2011-03-13 09:45:03', '2015-08-05 03:43:39');
INSERT INTO `friendship` (`user_id`, `friend_id`, `status_id`, `requested_at`, `confirmed_at`) VALUES (15, 15, 5, '1979-10-01 07:46:40', '1997-05-24 11:50:00');
INSERT INTO `friendship` (`user_id`, `friend_id`, `status_id`, `requested_at`, `confirmed_at`) VALUES (16, 16, 6, '1994-09-17 19:23:06', '1988-10-08 22:56:42');
INSERT INTO `friendship` (`user_id`, `friend_id`, `status_id`, `requested_at`, `confirmed_at`) VALUES (17, 17, 7, '2019-08-08 07:41:44', '1975-03-23 13:58:28');
INSERT INTO `friendship` (`user_id`, `friend_id`, `status_id`, `requested_at`, `confirmed_at`) VALUES (18, 18, 8, '1993-11-01 16:33:43', '2017-01-28 15:30:43');
INSERT INTO `friendship` (`user_id`, `friend_id`, `status_id`, `requested_at`, `confirmed_at`) VALUES (19, 19, 9, '1979-01-13 04:12:32', '1988-09-03 03:17:10');
INSERT INTO `friendship` (`user_id`, `friend_id`, `status_id`, `requested_at`, `confirmed_at`) VALUES (20, 20, 10, '1998-04-04 04:11:14', '1988-06-27 18:27:24');
INSERT INTO `friendship` (`user_id`, `friend_id`, `status_id`, `requested_at`, `confirmed_at`) VALUES (21, 21, 1, '1996-06-22 02:16:25', '2004-08-26 06:52:29');
INSERT INTO `friendship` (`user_id`, `friend_id`, `status_id`, `requested_at`, `confirmed_at`) VALUES (22, 22, 2, '2003-11-17 22:15:52', '1978-10-22 23:16:35');
INSERT INTO `friendship` (`user_id`, `friend_id`, `status_id`, `requested_at`, `confirmed_at`) VALUES (23, 23, 3, '1982-09-29 18:10:01', '1992-06-05 09:54:01');
INSERT INTO `friendship` (`user_id`, `friend_id`, `status_id`, `requested_at`, `confirmed_at`) VALUES (24, 24, 4, '2008-02-05 22:57:35', '1994-09-25 16:04:33');
INSERT INTO `friendship` (`user_id`, `friend_id`, `status_id`, `requested_at`, `confirmed_at`) VALUES (25, 25, 5, '1984-12-27 13:21:53', '2013-02-04 04:23:30');
INSERT INTO `friendship` (`user_id`, `friend_id`, `status_id`, `requested_at`, `confirmed_at`) VALUES (26, 26, 6, '1972-03-25 12:54:58', '2014-02-05 15:36:39');
INSERT INTO `friendship` (`user_id`, `friend_id`, `status_id`, `requested_at`, `confirmed_at`) VALUES (27, 27, 7, '1974-05-10 10:23:30', '1970-01-02 16:48:50');
INSERT INTO `friendship` (`user_id`, `friend_id`, `status_id`, `requested_at`, `confirmed_at`) VALUES (28, 28, 8, '1991-09-25 19:34:08', '1972-12-20 20:40:50');
INSERT INTO `friendship` (`user_id`, `friend_id`, `status_id`, `requested_at`, `confirmed_at`) VALUES (29, 29, 9, '2006-04-04 22:07:42', '2009-06-30 04:23:57');
INSERT INTO `friendship` (`user_id`, `friend_id`, `status_id`, `requested_at`, `confirmed_at`) VALUES (30, 30, 10, '1988-06-07 14:56:50', '2018-01-15 09:53:15');
INSERT INTO `friendship` (`user_id`, `friend_id`, `status_id`, `requested_at`, `confirmed_at`) VALUES (31, 31, 1, '1988-02-28 16:42:17', '2001-05-29 15:30:57');
INSERT INTO `friendship` (`user_id`, `friend_id`, `status_id`, `requested_at`, `confirmed_at`) VALUES (32, 32, 2, '2015-07-17 11:39:23', '1981-08-19 06:06:09');
INSERT INTO `friendship` (`user_id`, `friend_id`, `status_id`, `requested_at`, `confirmed_at`) VALUES (33, 33, 3, '1976-11-11 07:27:51', '1995-05-29 12:36:48');
INSERT INTO `friendship` (`user_id`, `friend_id`, `status_id`, `requested_at`, `confirmed_at`) VALUES (34, 34, 4, '1974-09-26 17:11:07', '1973-06-04 07:50:18');
INSERT INTO `friendship` (`user_id`, `friend_id`, `status_id`, `requested_at`, `confirmed_at`) VALUES (35, 35, 5, '2015-04-05 12:43:49', '1982-03-06 10:19:13');
INSERT INTO `friendship` (`user_id`, `friend_id`, `status_id`, `requested_at`, `confirmed_at`) VALUES (36, 36, 6, '2006-11-03 08:49:09', '2017-07-25 04:05:12');
INSERT INTO `friendship` (`user_id`, `friend_id`, `status_id`, `requested_at`, `confirmed_at`) VALUES (37, 37, 7, '2010-04-15 06:02:35', '1973-11-01 08:03:32');
INSERT INTO `friendship` (`user_id`, `friend_id`, `status_id`, `requested_at`, `confirmed_at`) VALUES (38, 38, 8, '1995-11-09 16:16:26', '1987-06-02 04:49:10');
INSERT INTO `friendship` (`user_id`, `friend_id`, `status_id`, `requested_at`, `confirmed_at`) VALUES (39, 39, 9, '1976-12-05 00:06:30', '1997-06-25 03:18:09');
INSERT INTO `friendship` (`user_id`, `friend_id`, `status_id`, `requested_at`, `confirmed_at`) VALUES (40, 40, 10, '1992-09-04 04:53:54', '2013-06-18 03:13:05');
INSERT INTO `friendship` (`user_id`, `friend_id`, `status_id`, `requested_at`, `confirmed_at`) VALUES (41, 41, 1, '2006-11-04 17:07:14', '1989-03-27 07:09:15');
INSERT INTO `friendship` (`user_id`, `friend_id`, `status_id`, `requested_at`, `confirmed_at`) VALUES (42, 42, 2, '1980-09-17 01:54:21', '1972-09-28 04:58:04');
INSERT INTO `friendship` (`user_id`, `friend_id`, `status_id`, `requested_at`, `confirmed_at`) VALUES (43, 43, 3, '1986-01-08 07:29:40', '2001-12-26 15:19:42');
INSERT INTO `friendship` (`user_id`, `friend_id`, `status_id`, `requested_at`, `confirmed_at`) VALUES (44, 44, 4, '1996-06-28 05:53:26', '1981-09-14 11:32:10');
INSERT INTO `friendship` (`user_id`, `friend_id`, `status_id`, `requested_at`, `confirmed_at`) VALUES (45, 45, 5, '2012-08-17 06:35:39', '1971-10-25 07:45:16');
INSERT INTO `friendship` (`user_id`, `friend_id`, `status_id`, `requested_at`, `confirmed_at`) VALUES (46, 46, 6, '1996-08-14 14:25:26', '1990-02-05 07:09:45');
INSERT INTO `friendship` (`user_id`, `friend_id`, `status_id`, `requested_at`, `confirmed_at`) VALUES (47, 47, 7, '1983-06-13 18:57:38', '2019-04-01 14:40:21');
INSERT INTO `friendship` (`user_id`, `friend_id`, `status_id`, `requested_at`, `confirmed_at`) VALUES (48, 48, 8, '1972-11-19 23:08:48', '2007-03-29 14:48:05');
INSERT INTO `friendship` (`user_id`, `friend_id`, `status_id`, `requested_at`, `confirmed_at`) VALUES (49, 49, 9, '1979-05-08 12:37:53', '2003-09-09 15:19:12');
INSERT INTO `friendship` (`user_id`, `friend_id`, `status_id`, `requested_at`, `confirmed_at`) VALUES (50, 50, 10, '2010-03-17 09:28:36', '2011-02-15 18:02:58');
INSERT INTO `friendship` (`user_id`, `friend_id`, `status_id`, `requested_at`, `confirmed_at`) VALUES (51, 51, 1, '1989-07-06 16:34:05', '1981-12-17 20:19:36');
INSERT INTO `friendship` (`user_id`, `friend_id`, `status_id`, `requested_at`, `confirmed_at`) VALUES (52, 52, 2, '1973-09-02 20:15:20', '2019-10-07 11:44:29');
INSERT INTO `friendship` (`user_id`, `friend_id`, `status_id`, `requested_at`, `confirmed_at`) VALUES (53, 53, 3, '2008-03-24 05:19:18', '2004-03-21 04:49:15');
INSERT INTO `friendship` (`user_id`, `friend_id`, `status_id`, `requested_at`, `confirmed_at`) VALUES (54, 54, 4, '1981-11-02 16:37:39', '1989-11-20 22:34:57');
INSERT INTO `friendship` (`user_id`, `friend_id`, `status_id`, `requested_at`, `confirmed_at`) VALUES (55, 55, 5, '1998-12-28 09:42:48', '1987-04-04 19:08:17');
INSERT INTO `friendship` (`user_id`, `friend_id`, `status_id`, `requested_at`, `confirmed_at`) VALUES (56, 56, 6, '2007-04-02 02:24:06', '2008-09-10 15:28:03');
INSERT INTO `friendship` (`user_id`, `friend_id`, `status_id`, `requested_at`, `confirmed_at`) VALUES (57, 57, 7, '2016-09-06 22:42:16', '1998-03-28 22:02:13');
INSERT INTO `friendship` (`user_id`, `friend_id`, `status_id`, `requested_at`, `confirmed_at`) VALUES (58, 58, 8, '2017-02-11 06:40:27', '1976-03-17 05:49:41');
INSERT INTO `friendship` (`user_id`, `friend_id`, `status_id`, `requested_at`, `confirmed_at`) VALUES (59, 59, 9, '1984-02-13 06:28:16', '1998-03-08 05:32:03');
INSERT INTO `friendship` (`user_id`, `friend_id`, `status_id`, `requested_at`, `confirmed_at`) VALUES (60, 60, 10, '1981-10-10 10:14:43', '1994-12-29 00:41:21');
INSERT INTO `friendship` (`user_id`, `friend_id`, `status_id`, `requested_at`, `confirmed_at`) VALUES (61, 61, 1, '1982-10-30 05:28:00', '1986-01-14 19:40:02');
INSERT INTO `friendship` (`user_id`, `friend_id`, `status_id`, `requested_at`, `confirmed_at`) VALUES (62, 62, 2, '1982-03-03 08:53:38', '2004-10-14 20:37:15');
INSERT INTO `friendship` (`user_id`, `friend_id`, `status_id`, `requested_at`, `confirmed_at`) VALUES (63, 63, 3, '2013-10-15 02:54:27', '2016-09-24 07:09:38');
INSERT INTO `friendship` (`user_id`, `friend_id`, `status_id`, `requested_at`, `confirmed_at`) VALUES (64, 64, 4, '1987-05-01 03:02:18', '2003-09-30 09:54:21');
INSERT INTO `friendship` (`user_id`, `friend_id`, `status_id`, `requested_at`, `confirmed_at`) VALUES (65, 65, 5, '2016-01-20 02:46:20', '2008-08-20 10:16:33');
INSERT INTO `friendship` (`user_id`, `friend_id`, `status_id`, `requested_at`, `confirmed_at`) VALUES (66, 66, 6, '1984-06-12 10:37:30', '2015-05-19 12:17:51');
INSERT INTO `friendship` (`user_id`, `friend_id`, `status_id`, `requested_at`, `confirmed_at`) VALUES (67, 67, 7, '1999-06-30 09:23:10', '2013-12-06 15:17:00');
INSERT INTO `friendship` (`user_id`, `friend_id`, `status_id`, `requested_at`, `confirmed_at`) VALUES (68, 68, 8, '1971-07-27 04:44:27', '1978-02-05 20:04:55');
INSERT INTO `friendship` (`user_id`, `friend_id`, `status_id`, `requested_at`, `confirmed_at`) VALUES (69, 69, 9, '2017-11-03 16:31:07', '2015-08-01 10:53:48');
INSERT INTO `friendship` (`user_id`, `friend_id`, `status_id`, `requested_at`, `confirmed_at`) VALUES (70, 70, 10, '1989-03-08 04:52:18', '2000-05-24 03:44:25');
INSERT INTO `friendship` (`user_id`, `friend_id`, `status_id`, `requested_at`, `confirmed_at`) VALUES (71, 71, 1, '1984-03-31 00:08:48', '2005-05-14 05:24:08');
INSERT INTO `friendship` (`user_id`, `friend_id`, `status_id`, `requested_at`, `confirmed_at`) VALUES (72, 72, 2, '1976-05-22 15:12:04', '1981-10-27 09:32:03');
INSERT INTO `friendship` (`user_id`, `friend_id`, `status_id`, `requested_at`, `confirmed_at`) VALUES (73, 73, 3, '1987-10-30 23:33:58', '1981-11-01 18:35:29');
INSERT INTO `friendship` (`user_id`, `friend_id`, `status_id`, `requested_at`, `confirmed_at`) VALUES (74, 74, 4, '1977-02-21 14:24:06', '2004-04-15 04:04:52');
INSERT INTO `friendship` (`user_id`, `friend_id`, `status_id`, `requested_at`, `confirmed_at`) VALUES (75, 75, 5, '2003-07-18 18:32:18', '2019-02-04 18:40:25');
INSERT INTO `friendship` (`user_id`, `friend_id`, `status_id`, `requested_at`, `confirmed_at`) VALUES (76, 76, 6, '1985-10-18 01:31:23', '2005-06-30 05:15:13');
INSERT INTO `friendship` (`user_id`, `friend_id`, `status_id`, `requested_at`, `confirmed_at`) VALUES (77, 77, 7, '2003-08-05 01:28:07', '1984-03-13 08:28:57');
INSERT INTO `friendship` (`user_id`, `friend_id`, `status_id`, `requested_at`, `confirmed_at`) VALUES (78, 78, 8, '1975-07-24 16:49:12', '2016-01-31 06:05:33');
INSERT INTO `friendship` (`user_id`, `friend_id`, `status_id`, `requested_at`, `confirmed_at`) VALUES (79, 79, 9, '2003-01-16 20:41:05', '1972-09-08 18:12:51');
INSERT INTO `friendship` (`user_id`, `friend_id`, `status_id`, `requested_at`, `confirmed_at`) VALUES (80, 80, 10, '2012-01-05 04:37:19', '2017-04-18 22:06:09');
INSERT INTO `friendship` (`user_id`, `friend_id`, `status_id`, `requested_at`, `confirmed_at`) VALUES (81, 81, 1, '1989-09-08 06:24:32', '1993-02-28 20:58:12');
INSERT INTO `friendship` (`user_id`, `friend_id`, `status_id`, `requested_at`, `confirmed_at`) VALUES (82, 82, 2, '1970-11-28 21:53:52', '2010-05-06 03:10:49');
INSERT INTO `friendship` (`user_id`, `friend_id`, `status_id`, `requested_at`, `confirmed_at`) VALUES (83, 83, 3, '1985-03-10 08:12:45', '1972-07-09 04:11:24');
INSERT INTO `friendship` (`user_id`, `friend_id`, `status_id`, `requested_at`, `confirmed_at`) VALUES (84, 84, 4, '2015-09-18 22:12:42', '2014-09-26 08:30:46');
INSERT INTO `friendship` (`user_id`, `friend_id`, `status_id`, `requested_at`, `confirmed_at`) VALUES (85, 85, 5, '1992-07-03 04:36:29', '1994-02-02 09:56:50');
INSERT INTO `friendship` (`user_id`, `friend_id`, `status_id`, `requested_at`, `confirmed_at`) VALUES (86, 86, 6, '1984-10-05 21:17:36', '2009-07-23 12:12:45');
INSERT INTO `friendship` (`user_id`, `friend_id`, `status_id`, `requested_at`, `confirmed_at`) VALUES (87, 87, 7, '1998-02-26 07:04:37', '1997-12-08 08:21:51');
INSERT INTO `friendship` (`user_id`, `friend_id`, `status_id`, `requested_at`, `confirmed_at`) VALUES (88, 88, 8, '2005-01-02 00:40:56', '1995-04-05 00:47:55');
INSERT INTO `friendship` (`user_id`, `friend_id`, `status_id`, `requested_at`, `confirmed_at`) VALUES (89, 89, 9, '1998-11-26 07:03:10', '1974-03-10 08:09:01');
INSERT INTO `friendship` (`user_id`, `friend_id`, `status_id`, `requested_at`, `confirmed_at`) VALUES (90, 90, 10, '2009-08-15 08:23:45', '1971-05-31 17:20:48');
INSERT INTO `friendship` (`user_id`, `friend_id`, `status_id`, `requested_at`, `confirmed_at`) VALUES (91, 91, 1, '1972-08-13 16:31:28', '2008-01-28 12:23:28');
INSERT INTO `friendship` (`user_id`, `friend_id`, `status_id`, `requested_at`, `confirmed_at`) VALUES (92, 92, 2, '2011-02-10 13:53:21', '2004-02-16 08:33:13');
INSERT INTO `friendship` (`user_id`, `friend_id`, `status_id`, `requested_at`, `confirmed_at`) VALUES (93, 93, 3, '1990-05-11 18:42:13', '1991-08-25 09:59:58');
INSERT INTO `friendship` (`user_id`, `friend_id`, `status_id`, `requested_at`, `confirmed_at`) VALUES (94, 94, 4, '1984-02-27 21:19:23', '1985-06-05 01:13:05');
INSERT INTO `friendship` (`user_id`, `friend_id`, `status_id`, `requested_at`, `confirmed_at`) VALUES (95, 95, 5, '1975-02-21 04:40:10', '1974-02-17 02:01:28');
INSERT INTO `friendship` (`user_id`, `friend_id`, `status_id`, `requested_at`, `confirmed_at`) VALUES (96, 96, 6, '1991-10-17 14:39:30', '2006-11-02 07:45:37');
INSERT INTO `friendship` (`user_id`, `friend_id`, `status_id`, `requested_at`, `confirmed_at`) VALUES (97, 97, 7, '1975-03-24 00:34:28', '2001-12-24 19:20:52');
INSERT INTO `friendship` (`user_id`, `friend_id`, `status_id`, `requested_at`, `confirmed_at`) VALUES (98, 98, 8, '2006-02-06 08:31:27', '1996-06-15 18:47:28');
INSERT INTO `friendship` (`user_id`, `friend_id`, `status_id`, `requested_at`, `confirmed_at`) VALUES (99, 99, 9, '2009-12-25 01:27:32', '1988-01-06 03:05:02');
INSERT INTO `friendship` (`user_id`, `friend_id`, `status_id`, `requested_at`, `confirmed_at`) VALUES (100, 100, 10, '2005-12-23 13:42:05', '2013-08-21 04:21:10');


#
# TABLE STRUCTURE FOR: friendship_statuses
#

DROP TABLE IF EXISTS `friendship_statuses`;

CREATE TABLE `friendship_statuses` (
  `id` int(10) unsigned NOT NULL AUTO_INCREMENT,
  `name` varchar(150) COLLATE utf8_unicode_ci NOT NULL,
  PRIMARY KEY (`id`),
  UNIQUE KEY `name` (`name`)
) ENGINE=InnoDB AUTO_INCREMENT=11 DEFAULT CHARSET=utf8 COLLATE=utf8_unicode_ci;

INSERT INTO `friendship_statuses` (`id`, `name`) VALUES (10, 'animi');
INSERT INTO `friendship_statuses` (`id`, `name`) VALUES (8, 'consequatur');
INSERT INTO `friendship_statuses` (`id`, `name`) VALUES (1, 'cupiditate');
INSERT INTO `friendship_statuses` (`id`, `name`) VALUES (4, 'dicta');
INSERT INTO `friendship_statuses` (`id`, `name`) VALUES (9, 'in');
INSERT INTO `friendship_statuses` (`id`, `name`) VALUES (6, 'laborum');
INSERT INTO `friendship_statuses` (`id`, `name`) VALUES (5, 'pariatur');
INSERT INTO `friendship_statuses` (`id`, `name`) VALUES (2, 'qui');
INSERT INTO `friendship_statuses` (`id`, `name`) VALUES (3, 'quia');
INSERT INTO `friendship_statuses` (`id`, `name`) VALUES (7, 'voluptatem');


#
# TABLE STRUCTURE FOR: media
#

DROP TABLE IF EXISTS `media`;

CREATE TABLE `media` (
  `id` int(10) unsigned NOT NULL AUTO_INCREMENT,
  `media_type_id` int(10) unsigned NOT NULL,
  `user_id` int(10) unsigned NOT NULL,
  `filename` varchar(255) COLLATE utf8_unicode_ci NOT NULL,
  `size` int(11) NOT NULL,
  `metadata` longtext CHARACTER SET utf8mb4 COLLATE utf8mb4_bin DEFAULT NULL,
  `created_at` datetime DEFAULT current_timestamp(),
  `updated_at` datetime DEFAULT current_timestamp() ON UPDATE current_timestamp(),
  PRIMARY KEY (`id`)
) ENGINE=InnoDB AUTO_INCREMENT=101 DEFAULT CHARSET=utf8 COLLATE=utf8_unicode_ci;

INSERT INTO `media` (`id`, `media_type_id`, `user_id`, `filename`, `size`, `metadata`, `created_at`, `updated_at`) VALUES (1, 1, 1, 'optio', 0, 'unityweb', '2010-06-22 19:03:27', '1994-05-04 00:24:40');
INSERT INTO `media` (`id`, `media_type_id`, `user_id`, `filename`, `size`, `metadata`, `created_at`, `updated_at`) VALUES (2, 2, 2, 'soluta', 0, 'oth', '1983-06-06 01:47:12', '1975-08-12 04:55:25');
INSERT INTO `media` (`id`, `media_type_id`, `user_id`, `filename`, `size`, `metadata`, `created_at`, `updated_at`) VALUES (3, 3, 3, 'magni', 6696761, 'h261', '2006-03-28 19:48:41', '1976-04-15 13:03:37');
INSERT INTO `media` (`id`, `media_type_id`, `user_id`, `filename`, `size`, `metadata`, `created_at`, `updated_at`) VALUES (4, 4, 4, 'quos', 498210149, 'sfd-hdstx', '2018-09-15 23:23:50', '1971-10-23 15:05:19');
INSERT INTO `media` (`id`, `media_type_id`, `user_id`, `filename`, `size`, `metadata`, `created_at`, `updated_at`) VALUES (5, 5, 5, 'reprehenderit', 0, 'fly', '1979-09-05 10:36:32', '2003-04-02 06:51:33');
INSERT INTO `media` (`id`, `media_type_id`, `user_id`, `filename`, `size`, `metadata`, `created_at`, `updated_at`) VALUES (6, 6, 6, 'dolorem', 81675089, 'sm', '1996-11-12 21:22:57', '1991-07-11 01:38:48');
INSERT INTO `media` (`id`, `media_type_id`, `user_id`, `filename`, `size`, `metadata`, `created_at`, `updated_at`) VALUES (7, 7, 7, 'quod', 5057, 'prc', '1981-02-17 10:20:01', '2018-03-29 01:23:57');
INSERT INTO `media` (`id`, `media_type_id`, `user_id`, `filename`, `size`, `metadata`, `created_at`, `updated_at`) VALUES (8, 8, 8, 'consequatur', 899, 'rdz', '1979-09-27 22:48:21', '1974-10-29 17:52:20');
INSERT INTO `media` (`id`, `media_type_id`, `user_id`, `filename`, `size`, `metadata`, `created_at`, `updated_at`) VALUES (9, 9, 9, 'dolores', 398, 'gph', '2003-07-05 15:37:11', '1976-11-26 05:24:31');
INSERT INTO `media` (`id`, `media_type_id`, `user_id`, `filename`, `size`, `metadata`, `created_at`, `updated_at`) VALUES (10, 10, 10, 'blanditiis', 365, 'mmr', '1989-04-08 12:59:42', '1989-06-07 23:53:44');
INSERT INTO `media` (`id`, `media_type_id`, `user_id`, `filename`, `size`, `metadata`, `created_at`, `updated_at`) VALUES (11, 1, 11, 'fugit', 7647, 'viv', '1995-11-04 08:22:29', '1993-07-02 13:37:29');
INSERT INTO `media` (`id`, `media_type_id`, `user_id`, `filename`, `size`, `metadata`, `created_at`, `updated_at`) VALUES (12, 2, 12, 'assumenda', 3, 'xenc', '1986-10-23 11:04:54', '1997-07-18 22:58:25');
INSERT INTO `media` (`id`, `media_type_id`, `user_id`, `filename`, `size`, `metadata`, `created_at`, `updated_at`) VALUES (13, 3, 13, 'et', 96638213, 'rgb', '1987-11-01 18:54:32', '1994-07-04 21:33:07');
INSERT INTO `media` (`id`, `media_type_id`, `user_id`, `filename`, `size`, `metadata`, `created_at`, `updated_at`) VALUES (14, 4, 14, 'velit', 9411276, 'ims', '1980-05-23 08:43:32', '1984-08-12 17:23:53');
INSERT INTO `media` (`id`, `media_type_id`, `user_id`, `filename`, `size`, `metadata`, `created_at`, `updated_at`) VALUES (15, 5, 15, 'et', 69496454, 'gam', '1986-12-06 09:23:17', '1980-12-23 03:31:17');
INSERT INTO `media` (`id`, `media_type_id`, `user_id`, `filename`, `size`, `metadata`, `created_at`, `updated_at`) VALUES (16, 6, 16, 'aliquam', 0, 'xdp', '1985-01-15 06:50:37', '2005-11-10 13:01:26');
INSERT INTO `media` (`id`, `media_type_id`, `user_id`, `filename`, `size`, `metadata`, `created_at`, `updated_at`) VALUES (17, 7, 17, 'qui', 855552616, 'pcx', '1984-01-12 14:22:18', '1992-06-14 05:39:17');
INSERT INTO `media` (`id`, `media_type_id`, `user_id`, `filename`, `size`, `metadata`, `created_at`, `updated_at`) VALUES (18, 8, 18, 'quia', 53065190, 'geo', '2012-12-29 04:48:04', '2003-05-16 17:31:40');
INSERT INTO `media` (`id`, `media_type_id`, `user_id`, `filename`, `size`, `metadata`, `created_at`, `updated_at`) VALUES (19, 9, 19, 'recusandae', 9, 'pgp', '1989-09-24 06:58:00', '1983-02-05 13:39:48');
INSERT INTO `media` (`id`, `media_type_id`, `user_id`, `filename`, `size`, `metadata`, `created_at`, `updated_at`) VALUES (20, 10, 20, 'hic', 1798, 'dcurl', '2003-02-05 15:32:43', '1987-07-10 17:12:46');
INSERT INTO `media` (`id`, `media_type_id`, `user_id`, `filename`, `size`, `metadata`, `created_at`, `updated_at`) VALUES (21, 1, 21, 'dolor', 773124758, 'cat', '2005-10-25 07:16:22', '1987-08-20 12:38:01');
INSERT INTO `media` (`id`, `media_type_id`, `user_id`, `filename`, `size`, `metadata`, `created_at`, `updated_at`) VALUES (22, 2, 22, 'quidem', 8996199, 'rtx', '2015-05-06 09:40:00', '1981-02-18 10:23:40');
INSERT INTO `media` (`id`, `media_type_id`, `user_id`, `filename`, `size`, `metadata`, `created_at`, `updated_at`) VALUES (23, 3, 23, 'voluptas', 908, 'oti', '2002-10-09 00:11:52', '2014-01-14 21:30:13');
INSERT INTO `media` (`id`, `media_type_id`, `user_id`, `filename`, `size`, `metadata`, `created_at`, `updated_at`) VALUES (24, 4, 24, 'cupiditate', 186046913, 'dae', '1978-01-29 12:28:14', '1986-05-24 22:25:27');
INSERT INTO `media` (`id`, `media_type_id`, `user_id`, `filename`, `size`, `metadata`, `created_at`, `updated_at`) VALUES (25, 5, 25, 'incidunt', 9, 'eps', '1982-11-22 06:34:40', '2007-05-18 07:10:42');
INSERT INTO `media` (`id`, `media_type_id`, `user_id`, `filename`, `size`, `metadata`, `created_at`, `updated_at`) VALUES (26, 6, 26, 'possimus', 9, 'cmx', '1977-09-18 22:53:24', '2014-09-10 21:16:11');
INSERT INTO `media` (`id`, `media_type_id`, `user_id`, `filename`, `size`, `metadata`, `created_at`, `updated_at`) VALUES (27, 7, 27, 'sunt', 639231, 'ppsm', '2018-08-30 15:31:17', '1997-01-28 20:31:02');
INSERT INTO `media` (`id`, `media_type_id`, `user_id`, `filename`, `size`, `metadata`, `created_at`, `updated_at`) VALUES (28, 8, 28, 'et', 8, 'xbap', '2011-09-05 22:10:52', '1991-08-01 13:48:55');
INSERT INTO `media` (`id`, `media_type_id`, `user_id`, `filename`, `size`, `metadata`, `created_at`, `updated_at`) VALUES (29, 9, 29, 'facilis', 197686774, 'nsf', '1970-01-22 21:57:37', '2012-02-05 22:11:19');
INSERT INTO `media` (`id`, `media_type_id`, `user_id`, `filename`, `size`, `metadata`, `created_at`, `updated_at`) VALUES (30, 10, 30, 'rerum', 2977, 'z1', '2004-10-27 22:13:46', '1994-11-11 08:17:36');
INSERT INTO `media` (`id`, `media_type_id`, `user_id`, `filename`, `size`, `metadata`, `created_at`, `updated_at`) VALUES (31, 1, 31, 'autem', 2790502, 'wmz', '2015-01-16 10:22:17', '2014-09-29 17:24:07');
INSERT INTO `media` (`id`, `media_type_id`, `user_id`, `filename`, `size`, `metadata`, `created_at`, `updated_at`) VALUES (32, 2, 32, 'animi', 27154776, 'lbd', '2003-02-23 01:18:02', '1985-06-26 19:13:16');
INSERT INTO `media` (`id`, `media_type_id`, `user_id`, `filename`, `size`, `metadata`, `created_at`, `updated_at`) VALUES (33, 3, 33, 'dignissimos', 20127, 'slt', '1990-07-18 20:33:10', '1982-07-05 14:56:56');
INSERT INTO `media` (`id`, `media_type_id`, `user_id`, `filename`, `size`, `metadata`, `created_at`, `updated_at`) VALUES (34, 4, 34, 'adipisci', 874, 'std', '1991-10-07 14:12:10', '2011-02-09 07:47:01');
INSERT INTO `media` (`id`, `media_type_id`, `user_id`, `filename`, `size`, `metadata`, `created_at`, `updated_at`) VALUES (35, 5, 35, 'voluptas', 9250, 'ipk', '2019-07-13 17:54:51', '2008-05-25 07:43:12');
INSERT INTO `media` (`id`, `media_type_id`, `user_id`, `filename`, `size`, `metadata`, `created_at`, `updated_at`) VALUES (36, 6, 36, 'tenetur', 0, 'otc', '1971-09-25 06:03:42', '1973-11-03 00:06:35');
INSERT INTO `media` (`id`, `media_type_id`, `user_id`, `filename`, `size`, `metadata`, `created_at`, `updated_at`) VALUES (37, 7, 37, 'accusamus', 244680114, 'dsc', '1994-07-31 08:50:13', '2010-03-09 05:28:50');
INSERT INTO `media` (`id`, `media_type_id`, `user_id`, `filename`, `size`, `metadata`, `created_at`, `updated_at`) VALUES (38, 8, 38, 'voluptas', 51193552, 'fe_launch', '1970-04-22 01:10:07', '2000-02-09 20:33:20');
INSERT INTO `media` (`id`, `media_type_id`, `user_id`, `filename`, `size`, `metadata`, `created_at`, `updated_at`) VALUES (39, 9, 39, 'sit', 5242, 'asm', '2009-01-18 00:42:37', '2006-02-27 13:22:40');
INSERT INTO `media` (`id`, `media_type_id`, `user_id`, `filename`, `size`, `metadata`, `created_at`, `updated_at`) VALUES (40, 10, 40, 'natus', 6, 'uvvh', '1975-07-19 06:12:48', '2012-10-25 04:41:39');
INSERT INTO `media` (`id`, `media_type_id`, `user_id`, `filename`, `size`, `metadata`, `created_at`, `updated_at`) VALUES (41, 1, 41, 'excepturi', 54640, 'rdf', '2003-07-07 09:28:20', '1990-02-24 01:17:39');
INSERT INTO `media` (`id`, `media_type_id`, `user_id`, `filename`, `size`, `metadata`, `created_at`, `updated_at`) VALUES (42, 2, 42, 'pariatur', 7403, 'nsf', '2004-08-01 10:35:59', '1975-05-04 21:37:59');
INSERT INTO `media` (`id`, `media_type_id`, `user_id`, `filename`, `size`, `metadata`, `created_at`, `updated_at`) VALUES (43, 3, 43, 'est', 17763201, 'ods', '2001-12-11 03:57:46', '2019-10-17 13:27:01');
INSERT INTO `media` (`id`, `media_type_id`, `user_id`, `filename`, `size`, `metadata`, `created_at`, `updated_at`) VALUES (44, 4, 44, 'voluptas', 223, 'lrf', '2011-09-03 05:54:58', '2003-01-30 18:09:16');
INSERT INTO `media` (`id`, `media_type_id`, `user_id`, `filename`, `size`, `metadata`, `created_at`, `updated_at`) VALUES (45, 5, 45, 'aut', 43826, 'jnlp', '1993-09-19 11:24:57', '1988-08-08 11:02:10');
INSERT INTO `media` (`id`, `media_type_id`, `user_id`, `filename`, `size`, `metadata`, `created_at`, `updated_at`) VALUES (46, 6, 46, 'beatae', 0, 'uvvv', '1987-05-24 21:45:45', '2004-06-26 21:41:05');
INSERT INTO `media` (`id`, `media_type_id`, `user_id`, `filename`, `size`, `metadata`, `created_at`, `updated_at`) VALUES (47, 7, 47, 'officia', 8, 'xlsx', '2016-06-09 16:01:15', '1999-01-25 15:55:57');
INSERT INTO `media` (`id`, `media_type_id`, `user_id`, `filename`, `size`, `metadata`, `created_at`, `updated_at`) VALUES (48, 8, 48, 'dolorum', 881823488, 'sema', '1987-02-20 19:55:47', '1972-11-18 13:02:43');
INSERT INTO `media` (`id`, `media_type_id`, `user_id`, `filename`, `size`, `metadata`, `created_at`, `updated_at`) VALUES (49, 9, 49, 'quo', 0, 'vcx', '1974-05-27 17:01:22', '1994-01-01 22:27:12');
INSERT INTO `media` (`id`, `media_type_id`, `user_id`, `filename`, `size`, `metadata`, `created_at`, `updated_at`) VALUES (50, 10, 50, 'at', 3364, 'sbml', '1981-07-26 03:18:38', '1972-07-01 01:20:26');
INSERT INTO `media` (`id`, `media_type_id`, `user_id`, `filename`, `size`, `metadata`, `created_at`, `updated_at`) VALUES (51, 1, 51, 'reiciendis', 3037, 'rlc', '2004-12-16 03:40:41', '1996-10-13 06:15:00');
INSERT INTO `media` (`id`, `media_type_id`, `user_id`, `filename`, `size`, `metadata`, `created_at`, `updated_at`) VALUES (52, 2, 52, 'atque', 0, 'wsdl', '2000-05-08 18:42:42', '1973-09-08 09:35:38');
INSERT INTO `media` (`id`, `media_type_id`, `user_id`, `filename`, `size`, `metadata`, `created_at`, `updated_at`) VALUES (53, 3, 53, 'quia', 0, 'qam', '2009-08-10 18:41:10', '1991-11-17 21:19:55');
INSERT INTO `media` (`id`, `media_type_id`, `user_id`, `filename`, `size`, `metadata`, `created_at`, `updated_at`) VALUES (54, 4, 54, 'fugit', 298254814, 'unityweb', '1976-10-27 08:29:21', '1988-07-28 10:50:27');
INSERT INTO `media` (`id`, `media_type_id`, `user_id`, `filename`, `size`, `metadata`, `created_at`, `updated_at`) VALUES (55, 5, 55, 'quia', 3733, 'flac', '2015-06-22 01:08:16', '1991-01-07 07:05:22');
INSERT INTO `media` (`id`, `media_type_id`, `user_id`, `filename`, `size`, `metadata`, `created_at`, `updated_at`) VALUES (56, 6, 56, 'ut', 5383, 'application', '1995-03-31 18:57:32', '1986-01-04 03:56:39');
INSERT INTO `media` (`id`, `media_type_id`, `user_id`, `filename`, `size`, `metadata`, `created_at`, `updated_at`) VALUES (57, 7, 57, 'quas', 21, 'sv4cpio', '1985-04-13 09:31:20', '2005-03-24 22:33:21');
INSERT INTO `media` (`id`, `media_type_id`, `user_id`, `filename`, `size`, `metadata`, `created_at`, `updated_at`) VALUES (58, 8, 58, 'non', 556652843, 'install', '1984-09-06 05:26:51', '1999-09-23 09:59:27');
INSERT INTO `media` (`id`, `media_type_id`, `user_id`, `filename`, `size`, `metadata`, `created_at`, `updated_at`) VALUES (59, 9, 59, 'molestiae', 87991020, '3ds', '2010-07-13 22:44:14', '1992-01-15 05:51:01');
INSERT INTO `media` (`id`, `media_type_id`, `user_id`, `filename`, `size`, `metadata`, `created_at`, `updated_at`) VALUES (60, 10, 60, 'qui', 33, 'esf', '1971-02-22 14:20:12', '1991-04-02 01:54:43');
INSERT INTO `media` (`id`, `media_type_id`, `user_id`, `filename`, `size`, `metadata`, `created_at`, `updated_at`) VALUES (61, 1, 61, 'culpa', 8762803, 'xdf', '1986-04-18 06:03:34', '2009-08-23 12:00:15');
INSERT INTO `media` (`id`, `media_type_id`, `user_id`, `filename`, `size`, `metadata`, `created_at`, `updated_at`) VALUES (62, 2, 62, 'minus', 49767158, 'bz', '2000-07-06 02:00:47', '1999-08-29 00:25:18');
INSERT INTO `media` (`id`, `media_type_id`, `user_id`, `filename`, `size`, `metadata`, `created_at`, `updated_at`) VALUES (63, 3, 63, 'quam', 9, 'svg', '1982-03-04 20:20:04', '2000-11-03 13:40:35');
INSERT INTO `media` (`id`, `media_type_id`, `user_id`, `filename`, `size`, `metadata`, `created_at`, `updated_at`) VALUES (64, 4, 64, 'ea', 268678, 'tsv', '2019-11-04 18:40:35', '2011-03-23 13:12:15');
INSERT INTO `media` (`id`, `media_type_id`, `user_id`, `filename`, `size`, `metadata`, `created_at`, `updated_at`) VALUES (65, 5, 65, 'sit', 278, 'uvm', '1986-01-24 10:14:11', '2013-12-18 21:35:03');
INSERT INTO `media` (`id`, `media_type_id`, `user_id`, `filename`, `size`, `metadata`, `created_at`, `updated_at`) VALUES (66, 6, 66, 'labore', 0, '3dml', '1994-10-10 22:01:48', '2018-04-28 10:47:37');
INSERT INTO `media` (`id`, `media_type_id`, `user_id`, `filename`, `size`, `metadata`, `created_at`, `updated_at`) VALUES (67, 7, 67, 'nam', 56621, 'wm', '1979-04-26 01:20:19', '1982-01-20 12:29:11');
INSERT INTO `media` (`id`, `media_type_id`, `user_id`, `filename`, `size`, `metadata`, `created_at`, `updated_at`) VALUES (68, 8, 68, 'voluptas', 0, 'latex', '2017-10-17 04:22:42', '2016-02-24 05:00:03');
INSERT INTO `media` (`id`, `media_type_id`, `user_id`, `filename`, `size`, `metadata`, `created_at`, `updated_at`) VALUES (69, 9, 69, 'explicabo', 88407, 'igl', '1989-11-26 01:18:20', '2005-12-17 09:09:47');
INSERT INTO `media` (`id`, `media_type_id`, `user_id`, `filename`, `size`, `metadata`, `created_at`, `updated_at`) VALUES (70, 10, 70, 'voluptatum', 853325, 'n3', '1974-11-04 08:35:15', '1991-08-29 07:13:13');
INSERT INTO `media` (`id`, `media_type_id`, `user_id`, `filename`, `size`, `metadata`, `created_at`, `updated_at`) VALUES (71, 1, 71, 'reprehenderit', 647086, 'xm', '1972-03-16 00:45:10', '1973-08-05 20:15:36');
INSERT INTO `media` (`id`, `media_type_id`, `user_id`, `filename`, `size`, `metadata`, `created_at`, `updated_at`) VALUES (72, 2, 72, 'laudantium', 602796, 'oxt', '1974-01-14 08:34:46', '1993-09-05 08:58:49');
INSERT INTO `media` (`id`, `media_type_id`, `user_id`, `filename`, `size`, `metadata`, `created_at`, `updated_at`) VALUES (73, 3, 73, 'voluptatem', 6113, 'gtw', '2009-12-22 19:00:00', '1973-04-28 17:19:19');
INSERT INTO `media` (`id`, `media_type_id`, `user_id`, `filename`, `size`, `metadata`, `created_at`, `updated_at`) VALUES (74, 4, 74, 'consectetur', 0, 'sis', '2005-09-26 03:42:12', '2006-03-11 03:29:07');
INSERT INTO `media` (`id`, `media_type_id`, `user_id`, `filename`, `size`, `metadata`, `created_at`, `updated_at`) VALUES (75, 5, 75, 'inventore', 18, 'torrent', '1983-04-29 11:19:10', '2002-02-07 14:39:41');
INSERT INTO `media` (`id`, `media_type_id`, `user_id`, `filename`, `size`, `metadata`, `created_at`, `updated_at`) VALUES (76, 6, 76, 'necessitatibus', 2387, 'dart', '1973-02-23 23:08:52', '2001-07-21 23:35:19');
INSERT INTO `media` (`id`, `media_type_id`, `user_id`, `filename`, `size`, `metadata`, `created_at`, `updated_at`) VALUES (77, 7, 77, 'vel', 5607, 'xlsm', '1983-12-07 11:51:06', '1980-06-13 15:09:25');
INSERT INTO `media` (`id`, `media_type_id`, `user_id`, `filename`, `size`, `metadata`, `created_at`, `updated_at`) VALUES (78, 8, 78, 'ullam', 67, 'yang', '2010-09-02 21:33:01', '1978-02-22 19:41:54');
INSERT INTO `media` (`id`, `media_type_id`, `user_id`, `filename`, `size`, `metadata`, `created_at`, `updated_at`) VALUES (79, 9, 79, 'et', 786, 'otg', '1974-07-27 04:01:53', '1970-12-01 05:53:15');
INSERT INTO `media` (`id`, `media_type_id`, `user_id`, `filename`, `size`, `metadata`, `created_at`, `updated_at`) VALUES (80, 10, 80, 'et', 366583032, 'rdf', '1983-12-20 00:55:20', '1989-04-08 13:29:52');
INSERT INTO `media` (`id`, `media_type_id`, `user_id`, `filename`, `size`, `metadata`, `created_at`, `updated_at`) VALUES (81, 1, 81, 'dignissimos', 5, 'sgi', '1979-06-06 10:42:50', '2012-10-12 01:04:49');
INSERT INTO `media` (`id`, `media_type_id`, `user_id`, `filename`, `size`, `metadata`, `created_at`, `updated_at`) VALUES (82, 2, 82, 'est', 1787752, 'mseed', '2008-07-23 07:40:04', '2018-03-01 02:21:29');
INSERT INTO `media` (`id`, `media_type_id`, `user_id`, `filename`, `size`, `metadata`, `created_at`, `updated_at`) VALUES (83, 3, 83, 'occaecati', 63, 'blorb', '2000-02-25 10:27:45', '1984-04-26 22:48:58');
INSERT INTO `media` (`id`, `media_type_id`, `user_id`, `filename`, `size`, `metadata`, `created_at`, `updated_at`) VALUES (84, 4, 84, 'saepe', 51175695, 'webp', '1999-05-03 17:18:51', '1974-03-07 23:25:03');
INSERT INTO `media` (`id`, `media_type_id`, `user_id`, `filename`, `size`, `metadata`, `created_at`, `updated_at`) VALUES (85, 5, 85, 'praesentium', 1085, 'bdm', '1985-11-26 05:58:57', '2011-09-27 08:22:34');
INSERT INTO `media` (`id`, `media_type_id`, `user_id`, `filename`, `size`, `metadata`, `created_at`, `updated_at`) VALUES (86, 6, 86, 'vel', 7107077, 'ifm', '2007-10-25 07:51:19', '1983-12-23 19:31:06');
INSERT INTO `media` (`id`, `media_type_id`, `user_id`, `filename`, `size`, `metadata`, `created_at`, `updated_at`) VALUES (87, 7, 87, 'deleniti', 49144, 'movie', '1978-02-25 04:01:09', '1972-04-13 09:51:57');
INSERT INTO `media` (`id`, `media_type_id`, `user_id`, `filename`, `size`, `metadata`, `created_at`, `updated_at`) VALUES (88, 8, 88, 'corrupti', 6, 'iges', '1999-08-06 16:58:52', '1985-03-30 17:00:55');
INSERT INTO `media` (`id`, `media_type_id`, `user_id`, `filename`, `size`, `metadata`, `created_at`, `updated_at`) VALUES (89, 9, 89, 'omnis', 90974, 'xspf', '2004-07-07 11:45:07', '2001-11-08 10:02:31');
INSERT INTO `media` (`id`, `media_type_id`, `user_id`, `filename`, `size`, `metadata`, `created_at`, `updated_at`) VALUES (90, 10, 90, 'cum', 22110, 'uva', '2005-09-15 17:23:59', '1977-12-20 01:27:37');
INSERT INTO `media` (`id`, `media_type_id`, `user_id`, `filename`, `size`, `metadata`, `created_at`, `updated_at`) VALUES (91, 1, 91, 'voluptatibus', 8022976, 'mp4a', '1977-02-12 08:00:46', '1983-08-07 22:57:33');
INSERT INTO `media` (`id`, `media_type_id`, `user_id`, `filename`, `size`, `metadata`, `created_at`, `updated_at`) VALUES (92, 2, 92, 'qui', 824270, 'vcd', '1972-09-30 10:06:06', '1997-07-17 03:16:59');
INSERT INTO `media` (`id`, `media_type_id`, `user_id`, `filename`, `size`, `metadata`, `created_at`, `updated_at`) VALUES (93, 3, 93, 'sit', 357018, 'wmv', '2007-05-23 00:44:39', '2016-12-18 01:06:39');
INSERT INTO `media` (`id`, `media_type_id`, `user_id`, `filename`, `size`, `metadata`, `created_at`, `updated_at`) VALUES (94, 4, 94, 'iste', 32578, 'aiff', '2004-03-09 12:46:06', '1984-10-27 11:57:23');
INSERT INTO `media` (`id`, `media_type_id`, `user_id`, `filename`, `size`, `metadata`, `created_at`, `updated_at`) VALUES (95, 5, 95, 'fugit', 2858921, 'xop', '1986-11-17 17:30:19', '1994-04-09 23:51:53');
INSERT INTO `media` (`id`, `media_type_id`, `user_id`, `filename`, `size`, `metadata`, `created_at`, `updated_at`) VALUES (96, 6, 96, 'velit', 488203, 'xspf', '2007-01-15 00:22:42', '1981-03-22 09:25:14');
INSERT INTO `media` (`id`, `media_type_id`, `user_id`, `filename`, `size`, `metadata`, `created_at`, `updated_at`) VALUES (97, 7, 97, 'quaerat', 56844, 'skm', '2009-08-08 09:29:36', '1995-01-05 16:37:18');
INSERT INTO `media` (`id`, `media_type_id`, `user_id`, `filename`, `size`, `metadata`, `created_at`, `updated_at`) VALUES (98, 8, 98, 'cupiditate', 5654782, 'csh', '2010-01-28 01:35:44', '1976-01-03 05:20:27');
INSERT INTO `media` (`id`, `media_type_id`, `user_id`, `filename`, `size`, `metadata`, `created_at`, `updated_at`) VALUES (99, 9, 99, 'magni', 784, 'swf', '1982-09-04 10:29:44', '1990-01-28 17:09:43');
INSERT INTO `media` (`id`, `media_type_id`, `user_id`, `filename`, `size`, `metadata`, `created_at`, `updated_at`) VALUES (100, 10, 100, 'autem', 0, 'btif', '1997-10-01 00:03:41', '1992-01-25 13:31:20');


#
# TABLE STRUCTURE FOR: media_types
#

DROP TABLE IF EXISTS `media_types`;

CREATE TABLE `media_types` (
  `id` int(10) unsigned NOT NULL AUTO_INCREMENT,
  `name` varchar(255) COLLATE utf8_unicode_ci NOT NULL,
  PRIMARY KEY (`id`),
  UNIQUE KEY `name` (`name`)
) ENGINE=InnoDB AUTO_INCREMENT=11 DEFAULT CHARSET=utf8 COLLATE=utf8_unicode_ci;

INSERT INTO `media_types` (`id`, `name`) VALUES (2, 'doloremque');
INSERT INTO `media_types` (`id`, `name`) VALUES (10, 'dolores');
INSERT INTO `media_types` (`id`, `name`) VALUES (9, 'dolorum');
INSERT INTO `media_types` (`id`, `name`) VALUES (6, 'est');
INSERT INTO `media_types` (`id`, `name`) VALUES (8, 'et');
INSERT INTO `media_types` (`id`, `name`) VALUES (7, 'expedita');
INSERT INTO `media_types` (`id`, `name`) VALUES (4, 'minus');
INSERT INTO `media_types` (`id`, `name`) VALUES (3, 'mollitia');
INSERT INTO `media_types` (`id`, `name`) VALUES (5, 'voluptas');
INSERT INTO `media_types` (`id`, `name`) VALUES (1, 'voluptates');


#
# TABLE STRUCTURE FOR: messages
#

DROP TABLE IF EXISTS `messages`;

CREATE TABLE `messages` (
  `id` int(10) unsigned NOT NULL AUTO_INCREMENT,
  `from_user_id` int(10) unsigned NOT NULL,
  `to_user_id` int(10) unsigned NOT NULL,
  `body` text COLLATE utf8_unicode_ci NOT NULL,
  `is_important` tinyint(1) DEFAULT NULL,
  `is_delivered` tinyint(1) DEFAULT NULL,
  `created_at` datetime DEFAULT current_timestamp(),
  PRIMARY KEY (`id`)
) ENGINE=InnoDB AUTO_INCREMENT=101 DEFAULT CHARSET=utf8 COLLATE=utf8_unicode_ci;

INSERT INTO `messages` (`id`, `from_user_id`, `to_user_id`, `body`, `is_important`, `is_delivered`, `created_at`) VALUES (1, 1, 1, 'Corporis in eaque cumque est natus soluta nostrum molestias. Consequuntur ea vitae quisquam quia. Facere quis quas esse. Voluptates unde amet sequi facilis occaecati corrupti aut.', 1, 0, '2019-05-10 22:17:00');
INSERT INTO `messages` (`id`, `from_user_id`, `to_user_id`, `body`, `is_important`, `is_delivered`, `created_at`) VALUES (2, 2, 2, 'Repellat aliquam tempore distinctio sint qui molestiae. Repellendus sed assumenda cupiditate consequatur accusantium. Occaecati doloremque dignissimos veniam beatae voluptatem.', 1, 1, '1992-06-10 12:27:14');
INSERT INTO `messages` (`id`, `from_user_id`, `to_user_id`, `body`, `is_important`, `is_delivered`, `created_at`) VALUES (3, 3, 3, 'Ad sit laudantium impedit vel. Ipsum et iure aut est aperiam excepturi facilis.', 1, 0, '1981-06-19 07:33:53');
INSERT INTO `messages` (`id`, `from_user_id`, `to_user_id`, `body`, `is_important`, `is_delivered`, `created_at`) VALUES (4, 4, 4, 'Aliquid quibusdam accusantium consequatur. Neque esse beatae est culpa officiis. Aperiam omnis et qui quisquam. Eum consequatur perferendis quia corporis laborum ducimus.', 1, 1, '1988-07-14 07:21:23');
INSERT INTO `messages` (`id`, `from_user_id`, `to_user_id`, `body`, `is_important`, `is_delivered`, `created_at`) VALUES (5, 5, 5, 'Et omnis saepe doloremque quibusdam rerum ut consequuntur. Velit nulla quo porro commodi sint officiis. Quae in est mollitia modi.', 0, 0, '2018-09-29 15:55:38');
INSERT INTO `messages` (`id`, `from_user_id`, `to_user_id`, `body`, `is_important`, `is_delivered`, `created_at`) VALUES (6, 6, 6, 'Et similique ut dolorem fuga. Laudantium distinctio dolores ullam maxime. Alias sequi officia aperiam amet sed suscipit.', 1, 0, '1975-03-23 09:24:01');
INSERT INTO `messages` (`id`, `from_user_id`, `to_user_id`, `body`, `is_important`, `is_delivered`, `created_at`) VALUES (7, 7, 7, 'Et molestiae iste non sunt aut omnis est. Consectetur ab labore sunt. Facilis recusandae ratione deleniti quia.', 1, 1, '2000-11-19 14:55:49');
INSERT INTO `messages` (`id`, `from_user_id`, `to_user_id`, `body`, `is_important`, `is_delivered`, `created_at`) VALUES (8, 8, 8, 'Rerum sit nihil repellat atque ullam iusto. Quaerat culpa nesciunt assumenda dignissimos. Mollitia voluptas quis amet.', 0, 0, '2011-11-10 10:25:46');
INSERT INTO `messages` (`id`, `from_user_id`, `to_user_id`, `body`, `is_important`, `is_delivered`, `created_at`) VALUES (9, 9, 9, 'Est accusantium tenetur facilis nemo aliquid delectus. Voluptas dolore sit sit. Aut et id nihil culpa.', 1, 0, '1970-02-28 11:41:10');
INSERT INTO `messages` (`id`, `from_user_id`, `to_user_id`, `body`, `is_important`, `is_delivered`, `created_at`) VALUES (10, 10, 10, 'Voluptatem eum vel ea quo. Soluta quis delectus sunt dolores deserunt facilis eligendi. Aut illum nihil voluptatem consectetur. Dolor architecto libero omnis occaecati natus.', 0, 1, '2014-10-08 18:48:57');
INSERT INTO `messages` (`id`, `from_user_id`, `to_user_id`, `body`, `is_important`, `is_delivered`, `created_at`) VALUES (11, 11, 11, 'Alias vel facilis ducimus dolor dicta. Sed quo nihil doloremque voluptas. Ad dignissimos sed voluptatum at sint.', 0, 1, '1981-11-26 04:54:17');
INSERT INTO `messages` (`id`, `from_user_id`, `to_user_id`, `body`, `is_important`, `is_delivered`, `created_at`) VALUES (12, 12, 12, 'Deserunt qui dolores omnis voluptatibus omnis dicta. Incidunt quo a numquam voluptatem et. Et soluta maxime voluptas temporibus quia.', 0, 0, '1974-04-04 15:48:36');
INSERT INTO `messages` (`id`, `from_user_id`, `to_user_id`, `body`, `is_important`, `is_delivered`, `created_at`) VALUES (13, 13, 13, 'Doloribus quia animi et facere sint inventore nam. Laboriosam id sunt iusto dicta dolorum. Nesciunt quia aliquam aut ea eius sunt similique. Quo aliquid in recusandae enim porro.', 1, 1, '2012-02-29 10:50:36');
INSERT INTO `messages` (`id`, `from_user_id`, `to_user_id`, `body`, `is_important`, `is_delivered`, `created_at`) VALUES (14, 14, 14, 'Modi corporis modi blanditiis sed omnis. Esse molestiae iure facilis molestias quam quia. Nobis temporibus non voluptatibus qui.', 1, 0, '2017-02-18 05:53:28');
INSERT INTO `messages` (`id`, `from_user_id`, `to_user_id`, `body`, `is_important`, `is_delivered`, `created_at`) VALUES (15, 15, 15, 'Sed sunt et debitis eos delectus. Placeat sapiente ab tempora quaerat aspernatur veritatis beatae itaque. Modi maiores non perferendis eos ex quia voluptates. Natus nam voluptatem corporis et facere.', 0, 1, '2005-05-03 08:00:21');
INSERT INTO `messages` (`id`, `from_user_id`, `to_user_id`, `body`, `is_important`, `is_delivered`, `created_at`) VALUES (16, 16, 16, 'Natus placeat quis et. Sit voluptates consequatur dolores expedita in ut sit. Laboriosam est explicabo dignissimos ea ea.', 1, 1, '2006-12-17 04:55:49');
INSERT INTO `messages` (`id`, `from_user_id`, `to_user_id`, `body`, `is_important`, `is_delivered`, `created_at`) VALUES (17, 17, 17, 'Quisquam labore similique fuga nostrum alias quo consequatur. Ipsam fugiat fuga vero quam. Et atque et soluta.', 0, 0, '2014-05-08 17:00:42');
INSERT INTO `messages` (`id`, `from_user_id`, `to_user_id`, `body`, `is_important`, `is_delivered`, `created_at`) VALUES (18, 18, 18, 'Ea est excepturi architecto. Facilis molestiae incidunt et earum. Voluptas dicta minima accusamus sed consequuntur sint voluptatem. Saepe sit eum qui facilis deleniti mollitia quod.', 0, 1, '1976-10-08 18:28:15');
INSERT INTO `messages` (`id`, `from_user_id`, `to_user_id`, `body`, `is_important`, `is_delivered`, `created_at`) VALUES (19, 19, 19, 'Omnis sunt qui nam. Placeat ea repellat et delectus vel reiciendis. Maxime sit quibusdam odit nostrum perferendis labore.', 0, 0, '2001-07-11 10:03:50');
INSERT INTO `messages` (`id`, `from_user_id`, `to_user_id`, `body`, `is_important`, `is_delivered`, `created_at`) VALUES (20, 20, 20, 'Consequatur iure accusamus quis fugiat qui. Quia qui commodi et voluptatem illo sequi. Id dolor veniam veritatis temporibus.', 0, 0, '2015-12-24 10:11:29');
INSERT INTO `messages` (`id`, `from_user_id`, `to_user_id`, `body`, `is_important`, `is_delivered`, `created_at`) VALUES (21, 21, 21, 'Temporibus qui enim et. Eveniet tempore porro vel ab. Rerum dolorum et accusamus. Animi possimus et nobis assumenda voluptatem veniam.', 1, 1, '1984-02-08 17:23:58');
INSERT INTO `messages` (`id`, `from_user_id`, `to_user_id`, `body`, `is_important`, `is_delivered`, `created_at`) VALUES (22, 22, 22, 'Occaecati tempora rerum soluta sed qui fugit fugiat. Voluptatum perspiciatis eum illum voluptatem accusamus ut. Vel qui accusamus qui iste est. Tenetur adipisci laboriosam natus.', 1, 1, '2011-06-06 03:49:29');
INSERT INTO `messages` (`id`, `from_user_id`, `to_user_id`, `body`, `is_important`, `is_delivered`, `created_at`) VALUES (23, 23, 23, 'Ipsum ut reiciendis quidem qui. Rerum quia dignissimos officiis et perferendis. Commodi qui quia ea praesentium quo rerum.', 0, 1, '2001-04-27 04:07:10');
INSERT INTO `messages` (`id`, `from_user_id`, `to_user_id`, `body`, `is_important`, `is_delivered`, `created_at`) VALUES (24, 24, 24, 'Qui nisi numquam aliquid qui. Vel suscipit non et ea beatae quia. Ut repudiandae error sunt voluptates.', 1, 0, '1988-03-03 07:46:56');
INSERT INTO `messages` (`id`, `from_user_id`, `to_user_id`, `body`, `is_important`, `is_delivered`, `created_at`) VALUES (25, 25, 25, 'Laborum necessitatibus numquam ea saepe. Qui odio ullam dolores minima ut nulla quia. Et fuga animi tenetur.', 1, 1, '2017-10-25 07:45:13');
INSERT INTO `messages` (`id`, `from_user_id`, `to_user_id`, `body`, `is_important`, `is_delivered`, `created_at`) VALUES (26, 26, 26, 'Hic sunt eveniet quia. Sunt aliquam id sapiente nostrum. Et beatae omnis quia et ut explicabo ut sed. Est blanditiis explicabo ducimus mollitia.', 1, 1, '1976-02-20 12:49:31');
INSERT INTO `messages` (`id`, `from_user_id`, `to_user_id`, `body`, `is_important`, `is_delivered`, `created_at`) VALUES (27, 27, 27, 'Quis sit recusandae placeat ab nisi. Excepturi impedit quo veniam id eum similique. Voluptas nobis saepe facere perspiciatis rerum eos molestiae. Quia hic ut amet veniam vel inventore sint voluptatem.', 1, 0, '2015-06-14 23:34:49');
INSERT INTO `messages` (`id`, `from_user_id`, `to_user_id`, `body`, `is_important`, `is_delivered`, `created_at`) VALUES (28, 28, 28, 'Laudantium deserunt in beatae. Ut inventore veritatis cupiditate rerum nostrum voluptates accusantium. Repellendus consectetur recusandae aperiam autem sit. Aut velit provident ullam debitis.', 0, 1, '1993-01-15 03:38:32');
INSERT INTO `messages` (`id`, `from_user_id`, `to_user_id`, `body`, `is_important`, `is_delivered`, `created_at`) VALUES (29, 29, 29, 'Rerum ipsum numquam rerum similique aut exercitationem. Nam voluptatem deleniti tenetur eos pariatur minima eveniet.', 0, 1, '1987-12-14 09:10:27');
INSERT INTO `messages` (`id`, `from_user_id`, `to_user_id`, `body`, `is_important`, `is_delivered`, `created_at`) VALUES (30, 30, 30, 'Ut distinctio facilis nisi aut commodi dolore ducimus. Nesciunt sit eius qui voluptatem dolorem aut. Aperiam velit doloribus quasi voluptatem est in accusantium quos.', 0, 1, '2011-04-23 00:07:21');
INSERT INTO `messages` (`id`, `from_user_id`, `to_user_id`, `body`, `is_important`, `is_delivered`, `created_at`) VALUES (31, 31, 31, 'Dolores non quisquam sequi. Iusto voluptates deleniti cumque harum fuga. Doloremque quo et velit aut provident. Nemo impedit maiores ut omnis vel ipsa aut.', 0, 0, '1972-09-21 21:23:55');
INSERT INTO `messages` (`id`, `from_user_id`, `to_user_id`, `body`, `is_important`, `is_delivered`, `created_at`) VALUES (32, 32, 32, 'Dolor hic voluptatem accusamus ipsum. Illum minima aspernatur dolorem voluptas ut qui quaerat. Maxime distinctio qui est quis.', 1, 1, '1992-10-01 03:37:36');
INSERT INTO `messages` (`id`, `from_user_id`, `to_user_id`, `body`, `is_important`, `is_delivered`, `created_at`) VALUES (33, 33, 33, 'Ipsa dolor maxime autem non ut et quisquam est. Debitis quae sunt occaecati consequatur. Dolores nobis est quisquam error. Et nihil nulla facilis. Sunt nihil odit ducimus voluptas cupiditate exercitationem.', 1, 0, '2018-02-04 22:57:36');
INSERT INTO `messages` (`id`, `from_user_id`, `to_user_id`, `body`, `is_important`, `is_delivered`, `created_at`) VALUES (34, 34, 34, 'Eveniet ipsam ad et officiis atque maxime corporis modi. Est commodi esse et qui ullam voluptates. Fuga autem vel sed voluptates occaecati ab vero. Illo error commodi dolor consequatur.', 1, 1, '1976-08-10 15:50:29');
INSERT INTO `messages` (`id`, `from_user_id`, `to_user_id`, `body`, `is_important`, `is_delivered`, `created_at`) VALUES (35, 35, 35, 'Maxime et voluptas distinctio rem. Sint quo doloribus consequuntur aspernatur. Omnis et sunt eum consequatur aut optio maxime. Labore quaerat beatae modi id debitis.', 0, 1, '1998-02-08 11:42:12');
INSERT INTO `messages` (`id`, `from_user_id`, `to_user_id`, `body`, `is_important`, `is_delivered`, `created_at`) VALUES (36, 36, 36, 'Ut tempora et error delectus. Aliquam excepturi fugit quis dolore quisquam laborum.', 0, 0, '1977-01-04 16:38:04');
INSERT INTO `messages` (`id`, `from_user_id`, `to_user_id`, `body`, `is_important`, `is_delivered`, `created_at`) VALUES (37, 37, 37, 'Qui perspiciatis accusamus ratione. Sit provident id quibusdam inventore perspiciatis vero.', 1, 0, '1995-06-18 05:42:23');
INSERT INTO `messages` (`id`, `from_user_id`, `to_user_id`, `body`, `is_important`, `is_delivered`, `created_at`) VALUES (38, 38, 38, 'Earum adipisci qui ut facilis quia. Qui non voluptatum quis omnis quis molestiae. Sunt qui dolore harum molestiae deleniti quasi maxime. Beatae rerum neque ea in iure quo.', 1, 0, '2017-03-22 23:48:43');
INSERT INTO `messages` (`id`, `from_user_id`, `to_user_id`, `body`, `is_important`, `is_delivered`, `created_at`) VALUES (39, 39, 39, 'Nihil totam eum ut. Sapiente tenetur qui non similique. Minima recusandae omnis id qui quisquam alias.', 0, 1, '1987-02-10 17:05:11');
INSERT INTO `messages` (`id`, `from_user_id`, `to_user_id`, `body`, `is_important`, `is_delivered`, `created_at`) VALUES (40, 40, 40, 'Ratione vero sequi recusandae voluptas animi. Et animi sed mollitia illum animi earum. Ut provident minima deleniti tempora neque accusantium est.', 1, 0, '1991-12-11 08:32:41');
INSERT INTO `messages` (`id`, `from_user_id`, `to_user_id`, `body`, `is_important`, `is_delivered`, `created_at`) VALUES (41, 41, 41, 'Exercitationem debitis optio consequuntur est repellendus ut. Ea ad et qui in id rerum. Officiis aut tempore incidunt atque. Aut quo distinctio dolorum vero. Quam qui magni incidunt deserunt temporibus.', 1, 1, '2016-11-07 07:18:57');
INSERT INTO `messages` (`id`, `from_user_id`, `to_user_id`, `body`, `is_important`, `is_delivered`, `created_at`) VALUES (42, 42, 42, 'Aut sit perferendis odit cum minima debitis aliquam minus. Explicabo quasi consequatur numquam itaque cum. Nemo eos quidem dolore eos quas sequi.', 0, 0, '1980-01-06 21:03:39');
INSERT INTO `messages` (`id`, `from_user_id`, `to_user_id`, `body`, `is_important`, `is_delivered`, `created_at`) VALUES (43, 43, 43, 'Quasi est quia et sed. Non soluta eum placeat dolor. Ipsa velit rerum suscipit delectus. Voluptates incidunt vel aut in ex qui.', 1, 0, '2010-01-09 07:22:27');
INSERT INTO `messages` (`id`, `from_user_id`, `to_user_id`, `body`, `is_important`, `is_delivered`, `created_at`) VALUES (44, 44, 44, 'Sit ut tempora alias quia vero aut eum in. Esse similique aut reiciendis aspernatur architecto. Sit culpa veniam non reiciendis sunt.', 1, 0, '2006-12-06 00:31:21');
INSERT INTO `messages` (`id`, `from_user_id`, `to_user_id`, `body`, `is_important`, `is_delivered`, `created_at`) VALUES (45, 45, 45, 'Quisquam qui est voluptatum placeat tempore facilis distinctio. Quia impedit a et nulla. Qui impedit similique ex quos sapiente.', 0, 1, '1993-12-25 08:04:38');
INSERT INTO `messages` (`id`, `from_user_id`, `to_user_id`, `body`, `is_important`, `is_delivered`, `created_at`) VALUES (46, 46, 46, 'Quod quia odio eaque ex sed voluptatum. Molestias maiores quisquam id ut vel. Veniam corporis et repudiandae et voluptates.', 1, 1, '1989-01-17 02:57:03');
INSERT INTO `messages` (`id`, `from_user_id`, `to_user_id`, `body`, `is_important`, `is_delivered`, `created_at`) VALUES (47, 47, 47, 'Ex ipsam quasi hic pariatur autem. Eius voluptatem et dolorem dolorum. Sapiente accusantium animi asperiores esse.', 0, 1, '1986-02-28 08:23:57');
INSERT INTO `messages` (`id`, `from_user_id`, `to_user_id`, `body`, `is_important`, `is_delivered`, `created_at`) VALUES (48, 48, 48, 'Tenetur sed quos nisi dolorem quae. Sed corrupti veniam occaecati est sit facere rerum. Quia necessitatibus beatae harum nihil omnis harum.', 0, 0, '2011-05-03 06:52:06');
INSERT INTO `messages` (`id`, `from_user_id`, `to_user_id`, `body`, `is_important`, `is_delivered`, `created_at`) VALUES (49, 49, 49, 'Aut dolor necessitatibus nisi odit nesciunt culpa quia blanditiis. Et soluta omnis fuga. Nesciunt cumque consequatur a molestias quia suscipit illum.', 1, 0, '1986-01-06 09:24:34');
INSERT INTO `messages` (`id`, `from_user_id`, `to_user_id`, `body`, `is_important`, `is_delivered`, `created_at`) VALUES (50, 50, 50, 'Ab aut sit qui aut consequatur aut. Nobis tempore ducimus sunt similique qui eligendi neque. Consectetur nihil quod odio enim eum minus possimus. Veritatis est qui quia ipsum quo voluptatum dolor id.', 0, 0, '2007-07-03 01:53:57');
INSERT INTO `messages` (`id`, `from_user_id`, `to_user_id`, `body`, `is_important`, `is_delivered`, `created_at`) VALUES (51, 51, 51, 'Numquam fuga dicta nihil qui dolor vitae sed. Rerum cupiditate rem beatae voluptas. Dolor consectetur quod eos nemo.', 1, 1, '1989-08-09 19:41:47');
INSERT INTO `messages` (`id`, `from_user_id`, `to_user_id`, `body`, `is_important`, `is_delivered`, `created_at`) VALUES (52, 52, 52, 'Voluptates unde nihil fugiat ipsa reiciendis earum. Vel repudiandae neque illum. Harum eligendi reprehenderit eum beatae dolore officiis. Temporibus sit possimus eius debitis eius veritatis. Aut tenetur aut illo odio et corporis fugit.', 0, 1, '1989-12-27 19:09:04');
INSERT INTO `messages` (`id`, `from_user_id`, `to_user_id`, `body`, `is_important`, `is_delivered`, `created_at`) VALUES (53, 53, 53, 'Et facilis cumque voluptas sunt dolor. Aut placeat sapiente quisquam suscipit non. Blanditiis ut error totam consequatur.', 0, 1, '1981-12-28 18:38:10');
INSERT INTO `messages` (`id`, `from_user_id`, `to_user_id`, `body`, `is_important`, `is_delivered`, `created_at`) VALUES (54, 54, 54, 'Repudiandae ut sed ut fuga. Blanditiis doloribus adipisci quod perspiciatis et. Excepturi ut dolorum qui quia dolore. Eaque et voluptatem aspernatur voluptatibus omnis qui minus.', 0, 1, '1980-02-01 20:28:20');
INSERT INTO `messages` (`id`, `from_user_id`, `to_user_id`, `body`, `is_important`, `is_delivered`, `created_at`) VALUES (55, 55, 55, 'Consectetur nobis doloremque qui. Iure et unde sint illum dolores excepturi. Fuga dignissimos aut repudiandae adipisci blanditiis repellat sit facere. Alias vel ut eligendi ipsum.', 0, 0, '1986-08-22 00:04:30');
INSERT INTO `messages` (`id`, `from_user_id`, `to_user_id`, `body`, `is_important`, `is_delivered`, `created_at`) VALUES (56, 56, 56, 'Voluptatem maxime excepturi quam qui rerum. Reiciendis quos dolore est ab omnis. Possimus numquam dolor enim distinctio placeat sit alias ratione.', 0, 1, '2002-07-23 21:21:56');
INSERT INTO `messages` (`id`, `from_user_id`, `to_user_id`, `body`, `is_important`, `is_delivered`, `created_at`) VALUES (57, 57, 57, 'Odit inventore in ea doloribus tenetur rerum. Consectetur voluptatibus unde aut. Nobis animi nemo sint architecto consequuntur fugiat. Dolor sit deleniti ut voluptatem rem quia.', 1, 0, '1976-07-03 04:05:37');
INSERT INTO `messages` (`id`, `from_user_id`, `to_user_id`, `body`, `is_important`, `is_delivered`, `created_at`) VALUES (58, 58, 58, 'Voluptatum doloremque quae consequuntur laudantium aliquid. Quas et aliquid cupiditate aut nihil. Nesciunt voluptatem quibusdam odio maxime et.', 1, 1, '1983-05-22 16:01:00');
INSERT INTO `messages` (`id`, `from_user_id`, `to_user_id`, `body`, `is_important`, `is_delivered`, `created_at`) VALUES (59, 59, 59, 'Eveniet dolor atque ducimus aut perferendis eum. Sed debitis magni rem repellat voluptatibus. Ab quo voluptatem sapiente molestias aut voluptas quaerat. Commodi error corrupti sed aut.', 1, 1, '2008-12-24 06:25:15');
INSERT INTO `messages` (`id`, `from_user_id`, `to_user_id`, `body`, `is_important`, `is_delivered`, `created_at`) VALUES (60, 60, 60, 'Perspiciatis ut quaerat quaerat rerum consequatur omnis. Placeat cupiditate possimus ipsam sed molestias neque corrupti ad. Dolor aspernatur suscipit et.', 0, 0, '1996-08-05 05:45:38');
INSERT INTO `messages` (`id`, `from_user_id`, `to_user_id`, `body`, `is_important`, `is_delivered`, `created_at`) VALUES (61, 61, 61, 'Animi ut similique fugiat doloremque id accusantium id aliquam. Eos itaque fuga soluta et quis qui est. Placeat ea ducimus accusantium ab voluptas ea voluptas atque. Dignissimos facere sit a.', 1, 0, '1974-05-09 18:55:17');
INSERT INTO `messages` (`id`, `from_user_id`, `to_user_id`, `body`, `is_important`, `is_delivered`, `created_at`) VALUES (62, 62, 62, 'Autem libero provident aut est. Eos blanditiis ratione ut accusamus. Sit deleniti ullam molestiae numquam. Voluptate eveniet deserunt deleniti voluptas. Quaerat tenetur ea est quo.', 1, 1, '1977-11-02 22:53:44');
INSERT INTO `messages` (`id`, `from_user_id`, `to_user_id`, `body`, `is_important`, `is_delivered`, `created_at`) VALUES (63, 63, 63, 'Aliquam magni ut quisquam eaque tenetur eius. Numquam assumenda voluptatem aspernatur adipisci ut quia omnis. Adipisci aut corrupti repellat libero libero sit. Aliquid veritatis porro expedita reiciendis exercitationem.', 0, 0, '2007-11-13 16:23:28');
INSERT INTO `messages` (`id`, `from_user_id`, `to_user_id`, `body`, `is_important`, `is_delivered`, `created_at`) VALUES (64, 64, 64, 'Sint repellendus qui eligendi voluptatem necessitatibus animi dignissimos ut. Dolores magni autem distinctio nobis sit.', 0, 1, '1993-02-01 07:08:36');
INSERT INTO `messages` (`id`, `from_user_id`, `to_user_id`, `body`, `is_important`, `is_delivered`, `created_at`) VALUES (65, 65, 65, 'Rem ad dolore dolorum et sapiente sed cum. Veniam sit sed odit autem. Rerum aliquam quibusdam quis quidem.', 1, 1, '2010-01-27 20:00:34');
INSERT INTO `messages` (`id`, `from_user_id`, `to_user_id`, `body`, `is_important`, `is_delivered`, `created_at`) VALUES (66, 66, 66, 'Nihil saepe aut vitae quis vitae ex distinctio. Ducimus quisquam quam ut aliquid voluptate alias maxime. Doloribus impedit consequatur voluptatem. Sit necessitatibus excepturi sed voluptatem eos doloribus.', 0, 0, '2019-05-25 00:17:25');
INSERT INTO `messages` (`id`, `from_user_id`, `to_user_id`, `body`, `is_important`, `is_delivered`, `created_at`) VALUES (67, 67, 67, 'Eaque illo blanditiis ipsum sunt at deleniti. Amet est suscipit omnis sint eos. Nostrum quo fugit aliquid nisi voluptatibus vero.', 0, 1, '1979-07-05 08:50:54');
INSERT INTO `messages` (`id`, `from_user_id`, `to_user_id`, `body`, `is_important`, `is_delivered`, `created_at`) VALUES (68, 68, 68, 'Et aliquam temporibus iusto voluptatum quo. Voluptate quaerat libero rem quasi eligendi ducimus ex.', 0, 0, '1991-06-25 07:06:38');
INSERT INTO `messages` (`id`, `from_user_id`, `to_user_id`, `body`, `is_important`, `is_delivered`, `created_at`) VALUES (69, 69, 69, 'Optio at accusantium dolores quis. Soluta ullam dolor fugiat sint dolore mollitia.', 0, 0, '1999-05-05 12:10:48');
INSERT INTO `messages` (`id`, `from_user_id`, `to_user_id`, `body`, `is_important`, `is_delivered`, `created_at`) VALUES (70, 70, 70, 'Reiciendis dolor aut non quas sequi enim. Odit sit aspernatur ea omnis nihil. Totam et eum assumenda sint id voluptatem et. Consequatur laborum accusamus sit rerum vero.', 0, 0, '1986-08-15 01:37:16');
INSERT INTO `messages` (`id`, `from_user_id`, `to_user_id`, `body`, `is_important`, `is_delivered`, `created_at`) VALUES (71, 71, 71, 'Excepturi quia ipsa doloremque ea. Repudiandae repellendus veniam ad quo velit. Provident fugit sit mollitia eum. Tempore quas dolor consequatur.', 1, 0, '2007-10-23 15:35:40');
INSERT INTO `messages` (`id`, `from_user_id`, `to_user_id`, `body`, `is_important`, `is_delivered`, `created_at`) VALUES (72, 72, 72, 'Sequi ratione est aut sed veritatis. Cupiditate itaque ullam nulla iusto. Eum et nam veritatis.', 0, 0, '1984-08-26 04:07:21');
INSERT INTO `messages` (`id`, `from_user_id`, `to_user_id`, `body`, `is_important`, `is_delivered`, `created_at`) VALUES (73, 73, 73, 'Necessitatibus voluptas nisi ut temporibus. Consequatur non voluptatem aspernatur alias sunt in facilis labore. Aut at aliquid ullam voluptate ut beatae totam.', 0, 0, '1982-10-31 16:39:41');
INSERT INTO `messages` (`id`, `from_user_id`, `to_user_id`, `body`, `is_important`, `is_delivered`, `created_at`) VALUES (74, 74, 74, 'Eaque consequatur in sed illum provident sequi illum. Ipsam nam cupiditate cupiditate id suscipit maiores blanditiis. Dicta sunt est quas quia. Laudantium sunt dolorem nihil minus ducimus facere voluptatibus.', 0, 1, '2019-05-13 15:33:41');
INSERT INTO `messages` (`id`, `from_user_id`, `to_user_id`, `body`, `is_important`, `is_delivered`, `created_at`) VALUES (75, 75, 75, 'Omnis rerum id eligendi nam maiores sint eaque. Iste quis accusantium iure praesentium qui.', 0, 1, '1981-11-15 13:36:39');
INSERT INTO `messages` (`id`, `from_user_id`, `to_user_id`, `body`, `is_important`, `is_delivered`, `created_at`) VALUES (76, 76, 76, 'Voluptas ut doloremque cumque temporibus iure a sed. Repellat velit tempore consequuntur beatae nihil. Et consectetur qui in nesciunt. Tenetur voluptatem eveniet debitis ullam perspiciatis dolor.', 1, 1, '1984-07-09 10:23:58');
INSERT INTO `messages` (`id`, `from_user_id`, `to_user_id`, `body`, `is_important`, `is_delivered`, `created_at`) VALUES (77, 77, 77, 'Perferendis quas sequi ratione praesentium occaecati. Rerum ut ut aut necessitatibus optio assumenda praesentium. Quia ut et voluptas autem. Et nostrum corporis qui quo veniam mollitia. Id qui est deleniti quia et quis.', 1, 0, '2000-05-23 11:33:27');
INSERT INTO `messages` (`id`, `from_user_id`, `to_user_id`, `body`, `is_important`, `is_delivered`, `created_at`) VALUES (78, 78, 78, 'Ea mollitia autem ea sit quasi. Qui saepe et quia aspernatur numquam eum quo. Est adipisci beatae omnis autem voluptate. Quod quo mollitia voluptatibus quia qui et et. Quia soluta eos delectus consectetur.', 0, 1, '1971-01-21 14:47:05');
INSERT INTO `messages` (`id`, `from_user_id`, `to_user_id`, `body`, `is_important`, `is_delivered`, `created_at`) VALUES (79, 79, 79, 'Consequatur doloribus ipsam accusamus sunt eaque. Corporis commodi sed voluptatem accusamus ducimus adipisci. Explicabo iusto praesentium autem at. Quisquam magni assumenda quia dolores ab.', 1, 1, '1975-01-28 17:13:18');
INSERT INTO `messages` (`id`, `from_user_id`, `to_user_id`, `body`, `is_important`, `is_delivered`, `created_at`) VALUES (80, 80, 80, 'Ducimus beatae fugiat est delectus dolorum adipisci. Reiciendis eos illum modi adipisci facere tempora sequi.', 1, 1, '1995-08-19 14:03:28');
INSERT INTO `messages` (`id`, `from_user_id`, `to_user_id`, `body`, `is_important`, `is_delivered`, `created_at`) VALUES (81, 81, 81, 'Qui porro libero quia sit saepe fugit. Voluptatem repellendus facilis et perspiciatis nisi quae doloremque et. Sed consequatur temporibus ut pariatur. Repudiandae quia voluptatum et officia odit.', 0, 0, '1990-08-07 20:23:17');
INSERT INTO `messages` (`id`, `from_user_id`, `to_user_id`, `body`, `is_important`, `is_delivered`, `created_at`) VALUES (82, 82, 82, 'Ea impedit et placeat ad. Laudantium voluptatibus veritatis ab iste ea voluptatem omnis eos. Et quis sed asperiores est laudantium ipsa quod. Animi laborum nesciunt consectetur saepe qui omnis.', 1, 1, '2014-11-27 11:03:35');
INSERT INTO `messages` (`id`, `from_user_id`, `to_user_id`, `body`, `is_important`, `is_delivered`, `created_at`) VALUES (83, 83, 83, 'Sed sapiente eius vitae illo fugiat doloribus. Voluptatum expedita sunt officiis repellat. Et sed est quasi nihil. Adipisci ut blanditiis ut.', 1, 1, '2011-05-15 03:16:37');
INSERT INTO `messages` (`id`, `from_user_id`, `to_user_id`, `body`, `is_important`, `is_delivered`, `created_at`) VALUES (84, 84, 84, 'Et voluptates veniam excepturi ad aperiam. Maxime id fuga minus velit at. Sed a ut fuga sed error totam. Hic et omnis quae consequuntur voluptatem.', 0, 0, '2016-12-12 00:39:22');
INSERT INTO `messages` (`id`, `from_user_id`, `to_user_id`, `body`, `is_important`, `is_delivered`, `created_at`) VALUES (85, 85, 85, 'Iure et accusamus soluta accusantium quibusdam. Veritatis exercitationem ut sunt saepe at. Suscipit ipsum adipisci nihil dicta dolore. Pariatur dolorem ea ex consequatur autem.', 0, 1, '1980-06-23 07:27:16');
INSERT INTO `messages` (`id`, `from_user_id`, `to_user_id`, `body`, `is_important`, `is_delivered`, `created_at`) VALUES (86, 86, 86, 'Quis enim quas vel at qui velit minima sit. Optio esse velit et mollitia. Odit et quibusdam quidem consequatur voluptatem autem ex. Aperiam blanditiis architecto dolorum enim eum fuga voluptas et.', 0, 1, '2015-12-22 16:29:17');
INSERT INTO `messages` (`id`, `from_user_id`, `to_user_id`, `body`, `is_important`, `is_delivered`, `created_at`) VALUES (87, 87, 87, 'A facere est voluptates autem dicta iusto adipisci. Culpa id vel qui fuga quisquam architecto sunt delectus. Voluptates id ut placeat in quam. Modi nihil et rem repellat dolorem et.', 0, 0, '1979-03-30 17:47:15');
INSERT INTO `messages` (`id`, `from_user_id`, `to_user_id`, `body`, `is_important`, `is_delivered`, `created_at`) VALUES (88, 88, 88, 'Deserunt dolores sed tempora et eum incidunt. Fuga et nihil iste qui quos pariatur. Quos praesentium reprehenderit molestiae. Dolores natus ratione qui quia.', 0, 1, '1981-06-21 17:09:38');
INSERT INTO `messages` (`id`, `from_user_id`, `to_user_id`, `body`, `is_important`, `is_delivered`, `created_at`) VALUES (89, 89, 89, 'Eius modi magni rem et. Quia ullam odio fugit quisquam enim. Vitae et eos dicta. Sit ab veritatis beatae adipisci quas qui.', 1, 1, '1994-10-20 08:00:12');
INSERT INTO `messages` (`id`, `from_user_id`, `to_user_id`, `body`, `is_important`, `is_delivered`, `created_at`) VALUES (90, 90, 90, 'Illum minus suscipit reprehenderit ut quidem nulla. Sunt impedit accusamus adipisci rerum. Eaque similique nisi occaecati doloribus libero.', 0, 1, '2001-02-16 00:52:08');
INSERT INTO `messages` (`id`, `from_user_id`, `to_user_id`, `body`, `is_important`, `is_delivered`, `created_at`) VALUES (91, 91, 91, 'Placeat molestiae itaque odio ad rem nisi. Sunt accusamus amet perferendis fuga magnam sunt.', 0, 0, '2010-03-12 18:36:37');
INSERT INTO `messages` (`id`, `from_user_id`, `to_user_id`, `body`, `is_important`, `is_delivered`, `created_at`) VALUES (92, 92, 92, 'A ut omnis commodi ut. Quidem quaerat est illo alias est velit numquam. Voluptas magni amet nam animi architecto. Reiciendis mollitia nobis non veniam voluptate voluptatem ex et.', 0, 0, '1980-05-29 12:09:20');
INSERT INTO `messages` (`id`, `from_user_id`, `to_user_id`, `body`, `is_important`, `is_delivered`, `created_at`) VALUES (93, 93, 93, 'Laborum aspernatur perferendis et et. Sit doloribus aut praesentium delectus. Vel ut aut velit neque odit.', 0, 1, '1981-12-27 18:07:59');
INSERT INTO `messages` (`id`, `from_user_id`, `to_user_id`, `body`, `is_important`, `is_delivered`, `created_at`) VALUES (94, 94, 94, 'Necessitatibus vel et corporis rerum ad neque et. Repellat ullam consectetur exercitationem molestias dicta. Sed quia porro est unde officiis repellendus et fuga. Quod laudantium praesentium nostrum sint non qui. Magni dolor voluptas quia quia.', 1, 0, '1996-03-24 23:46:14');
INSERT INTO `messages` (`id`, `from_user_id`, `to_user_id`, `body`, `is_important`, `is_delivered`, `created_at`) VALUES (95, 95, 95, 'Dignissimos non est natus quae id sit aspernatur labore. Eligendi ut saepe voluptas laudantium quas ipsum. Rerum unde quam fugiat illum voluptates est et et. Debitis sint saepe assumenda minus.', 0, 1, '1996-03-12 11:33:49');
INSERT INTO `messages` (`id`, `from_user_id`, `to_user_id`, `body`, `is_important`, `is_delivered`, `created_at`) VALUES (96, 96, 96, 'Sed et ullam autem voluptatem et. Mollitia ut fugit odit delectus repellendus facilis. Voluptatibus fugit aliquid perferendis magni. Voluptatem ab repellat eum qui est beatae saepe.', 0, 1, '2007-08-31 17:15:40');
INSERT INTO `messages` (`id`, `from_user_id`, `to_user_id`, `body`, `is_important`, `is_delivered`, `created_at`) VALUES (97, 97, 97, 'Ratione sit est qui sit neque ipsum reiciendis sint. Nihil assumenda enim nam facilis aut nostrum magni ut. Repudiandae ut perspiciatis rem et tempora omnis.', 1, 0, '2000-06-26 08:02:06');
INSERT INTO `messages` (`id`, `from_user_id`, `to_user_id`, `body`, `is_important`, `is_delivered`, `created_at`) VALUES (98, 98, 98, 'Necessitatibus rem a dolores fugiat. Sit ea ut odit commodi tempora vel. Dolores numquam nulla saepe dolores. Quidem sit ut autem ratione.', 0, 0, '1999-03-28 01:53:59');
INSERT INTO `messages` (`id`, `from_user_id`, `to_user_id`, `body`, `is_important`, `is_delivered`, `created_at`) VALUES (99, 99, 99, 'Autem sint ullam sapiente sunt rerum debitis non molestiae. Libero dolores quia tenetur quia. Autem quae non quibusdam est nisi ut.', 1, 1, '1978-06-28 09:51:41');
INSERT INTO `messages` (`id`, `from_user_id`, `to_user_id`, `body`, `is_important`, `is_delivered`, `created_at`) VALUES (100, 100, 100, 'Voluptatem explicabo vitae consequatur autem. Dolorem id dolor fugiat soluta nam laboriosam. Suscipit quisquam sunt blanditiis repellendus et deleniti modi molestiae. Dolorem et ullam ut et. Tenetur quia nobis et quia dolores voluptate autem.', 1, 1, '1987-04-08 12:57:38');


#
# TABLE STRUCTURE FOR: profiles
#

DROP TABLE IF EXISTS `profiles`;

CREATE TABLE `profiles` (
  `user_id` int(10) unsigned NOT NULL,
  `sex` char(1) COLLATE utf8_unicode_ci NOT NULL,
  `birthday` date DEFAULT NULL,
  `hometown` varchar(100) COLLATE utf8_unicode_ci DEFAULT NULL,
  `photo_id` int(10) unsigned NOT NULL,
  PRIMARY KEY (`user_id`)
) ENGINE=InnoDB DEFAULT CHARSET=utf8 COLLATE=utf8_unicode_ci;

INSERT INTO `profiles` (`user_id`, `sex`, `birthday`, `hometown`, `photo_id`) VALUES (1, 'm', '1987-02-12', 'East', 1);
INSERT INTO `profiles` (`user_id`, `sex`, `birthday`, `hometown`, `photo_id`) VALUES (2, 'f', '2012-09-03', 'South', 2);
INSERT INTO `profiles` (`user_id`, `sex`, `birthday`, `hometown`, `photo_id`) VALUES (3, 'f', '1982-03-11', 'North', 3);
INSERT INTO `profiles` (`user_id`, `sex`, `birthday`, `hometown`, `photo_id`) VALUES (4, 'f', '1996-01-27', 'North', 4);
INSERT INTO `profiles` (`user_id`, `sex`, `birthday`, `hometown`, `photo_id`) VALUES (5, 'f', '2006-04-10', 'East', 5);
INSERT INTO `profiles` (`user_id`, `sex`, `birthday`, `hometown`, `photo_id`) VALUES (6, 'f', '1992-08-22', 'Lake', 6);
INSERT INTO `profiles` (`user_id`, `sex`, `birthday`, `hometown`, `photo_id`) VALUES (7, 'm', '2010-02-28', 'Lake', 7);
INSERT INTO `profiles` (`user_id`, `sex`, `birthday`, `hometown`, `photo_id`) VALUES (8, 'm', '1971-01-05', 'Lake', 8);
INSERT INTO `profiles` (`user_id`, `sex`, `birthday`, `hometown`, `photo_id`) VALUES (9, 'm', '1987-09-22', 'Port', 9);
INSERT INTO `profiles` (`user_id`, `sex`, `birthday`, `hometown`, `photo_id`) VALUES (10, 'm', '1990-07-12', 'East', 10);
INSERT INTO `profiles` (`user_id`, `sex`, `birthday`, `hometown`, `photo_id`) VALUES (11, 'm', '1996-10-03', 'Lake', 11);
INSERT INTO `profiles` (`user_id`, `sex`, `birthday`, `hometown`, `photo_id`) VALUES (12, 'm', '1992-04-06', 'Port', 12);
INSERT INTO `profiles` (`user_id`, `sex`, `birthday`, `hometown`, `photo_id`) VALUES (13, 'm', '1980-05-30', 'South', 13);
INSERT INTO `profiles` (`user_id`, `sex`, `birthday`, `hometown`, `photo_id`) VALUES (14, 'f', '2013-01-04', 'Port', 14);
INSERT INTO `profiles` (`user_id`, `sex`, `birthday`, `hometown`, `photo_id`) VALUES (15, 'm', '2002-11-24', 'Lake', 15);
INSERT INTO `profiles` (`user_id`, `sex`, `birthday`, `hometown`, `photo_id`) VALUES (16, 'f', '2016-10-15', 'South', 16);
INSERT INTO `profiles` (`user_id`, `sex`, `birthday`, `hometown`, `photo_id`) VALUES (17, 'f', '1981-04-11', 'North', 17);
INSERT INTO `profiles` (`user_id`, `sex`, `birthday`, `hometown`, `photo_id`) VALUES (18, 'f', '1987-03-17', 'North', 18);
INSERT INTO `profiles` (`user_id`, `sex`, `birthday`, `hometown`, `photo_id`) VALUES (19, 'f', '1983-02-05', 'Lake', 19);
INSERT INTO `profiles` (`user_id`, `sex`, `birthday`, `hometown`, `photo_id`) VALUES (20, 'f', '1992-08-01', 'Lake', 20);
INSERT INTO `profiles` (`user_id`, `sex`, `birthday`, `hometown`, `photo_id`) VALUES (21, 'm', '1979-07-01', 'New', 21);
INSERT INTO `profiles` (`user_id`, `sex`, `birthday`, `hometown`, `photo_id`) VALUES (22, 'm', '2007-09-05', 'Port', 22);
INSERT INTO `profiles` (`user_id`, `sex`, `birthday`, `hometown`, `photo_id`) VALUES (23, 'm', '2019-08-12', 'Port', 23);
INSERT INTO `profiles` (`user_id`, `sex`, `birthday`, `hometown`, `photo_id`) VALUES (24, 'm', '1985-04-18', 'Lake', 24);
INSERT INTO `profiles` (`user_id`, `sex`, `birthday`, `hometown`, `photo_id`) VALUES (25, 'm', '1970-06-09', 'East', 25);
INSERT INTO `profiles` (`user_id`, `sex`, `birthday`, `hometown`, `photo_id`) VALUES (26, 'f', '2017-07-02', 'New', 26);
INSERT INTO `profiles` (`user_id`, `sex`, `birthday`, `hometown`, `photo_id`) VALUES (27, 'm', '2000-09-21', 'Lake', 27);
INSERT INTO `profiles` (`user_id`, `sex`, `birthday`, `hometown`, `photo_id`) VALUES (28, 'f', '2001-11-07', 'North', 28);
INSERT INTO `profiles` (`user_id`, `sex`, `birthday`, `hometown`, `photo_id`) VALUES (29, 'f', '1980-09-08', 'South', 29);
INSERT INTO `profiles` (`user_id`, `sex`, `birthday`, `hometown`, `photo_id`) VALUES (30, 'f', '2004-12-31', 'Port', 30);
INSERT INTO `profiles` (`user_id`, `sex`, `birthday`, `hometown`, `photo_id`) VALUES (31, 'f', '1977-04-18', 'North', 31);
INSERT INTO `profiles` (`user_id`, `sex`, `birthday`, `hometown`, `photo_id`) VALUES (32, 'f', '1992-04-24', 'New', 32);
INSERT INTO `profiles` (`user_id`, `sex`, `birthday`, `hometown`, `photo_id`) VALUES (33, 'f', '2008-09-09', 'East', 33);
INSERT INTO `profiles` (`user_id`, `sex`, `birthday`, `hometown`, `photo_id`) VALUES (34, 'm', '1974-04-14', 'West', 34);
INSERT INTO `profiles` (`user_id`, `sex`, `birthday`, `hometown`, `photo_id`) VALUES (35, 'm', '2008-08-28', 'West', 35);
INSERT INTO `profiles` (`user_id`, `sex`, `birthday`, `hometown`, `photo_id`) VALUES (36, 'm', '1985-12-27', 'South', 36);
INSERT INTO `profiles` (`user_id`, `sex`, `birthday`, `hometown`, `photo_id`) VALUES (37, 'f', '2008-07-19', 'North', 37);
INSERT INTO `profiles` (`user_id`, `sex`, `birthday`, `hometown`, `photo_id`) VALUES (38, 'm', '1998-12-15', 'New', 38);
INSERT INTO `profiles` (`user_id`, `sex`, `birthday`, `hometown`, `photo_id`) VALUES (39, 'm', '2010-02-08', 'North', 39);
INSERT INTO `profiles` (`user_id`, `sex`, `birthday`, `hometown`, `photo_id`) VALUES (40, 'f', '2005-10-02', 'East', 40);
INSERT INTO `profiles` (`user_id`, `sex`, `birthday`, `hometown`, `photo_id`) VALUES (41, 'm', '2000-06-01', 'New', 41);
INSERT INTO `profiles` (`user_id`, `sex`, `birthday`, `hometown`, `photo_id`) VALUES (42, 'f', '1982-05-28', 'West', 42);
INSERT INTO `profiles` (`user_id`, `sex`, `birthday`, `hometown`, `photo_id`) VALUES (43, 'f', '1985-05-02', 'Port', 43);
INSERT INTO `profiles` (`user_id`, `sex`, `birthday`, `hometown`, `photo_id`) VALUES (44, 'f', '2011-01-06', 'North', 44);
INSERT INTO `profiles` (`user_id`, `sex`, `birthday`, `hometown`, `photo_id`) VALUES (45, 'f', '1999-03-18', 'North', 45);
INSERT INTO `profiles` (`user_id`, `sex`, `birthday`, `hometown`, `photo_id`) VALUES (46, 'f', '1979-02-19', 'Lake', 46);
INSERT INTO `profiles` (`user_id`, `sex`, `birthday`, `hometown`, `photo_id`) VALUES (47, 'm', '1996-08-22', 'Port', 47);
INSERT INTO `profiles` (`user_id`, `sex`, `birthday`, `hometown`, `photo_id`) VALUES (48, 'f', '2012-02-18', 'East', 48);
INSERT INTO `profiles` (`user_id`, `sex`, `birthday`, `hometown`, `photo_id`) VALUES (49, 'm', '1986-07-19', 'Lake', 49);
INSERT INTO `profiles` (`user_id`, `sex`, `birthday`, `hometown`, `photo_id`) VALUES (50, 'm', '1976-12-30', 'East', 50);
INSERT INTO `profiles` (`user_id`, `sex`, `birthday`, `hometown`, `photo_id`) VALUES (51, 'f', '1974-08-31', 'East', 51);
INSERT INTO `profiles` (`user_id`, `sex`, `birthday`, `hometown`, `photo_id`) VALUES (52, 'm', '2003-02-15', 'New', 52);
INSERT INTO `profiles` (`user_id`, `sex`, `birthday`, `hometown`, `photo_id`) VALUES (53, 'f', '1997-06-16', 'East', 53);
INSERT INTO `profiles` (`user_id`, `sex`, `birthday`, `hometown`, `photo_id`) VALUES (54, 'm', '1975-04-08', 'Lake', 54);
INSERT INTO `profiles` (`user_id`, `sex`, `birthday`, `hometown`, `photo_id`) VALUES (55, 'f', '2007-08-23', 'New', 55);
INSERT INTO `profiles` (`user_id`, `sex`, `birthday`, `hometown`, `photo_id`) VALUES (56, 'f', '1975-08-31', 'West', 56);
INSERT INTO `profiles` (`user_id`, `sex`, `birthday`, `hometown`, `photo_id`) VALUES (57, 'f', '1986-08-27', 'East', 57);
INSERT INTO `profiles` (`user_id`, `sex`, `birthday`, `hometown`, `photo_id`) VALUES (58, 'm', '1981-01-16', 'East', 58);
INSERT INTO `profiles` (`user_id`, `sex`, `birthday`, `hometown`, `photo_id`) VALUES (59, 'f', '2018-12-12', 'North', 59);
INSERT INTO `profiles` (`user_id`, `sex`, `birthday`, `hometown`, `photo_id`) VALUES (60, 'f', '2019-11-20', 'New', 60);
INSERT INTO `profiles` (`user_id`, `sex`, `birthday`, `hometown`, `photo_id`) VALUES (61, 'm', '2003-05-04', 'West', 61);
INSERT INTO `profiles` (`user_id`, `sex`, `birthday`, `hometown`, `photo_id`) VALUES (62, 'f', '2014-08-21', 'South', 62);
INSERT INTO `profiles` (`user_id`, `sex`, `birthday`, `hometown`, `photo_id`) VALUES (63, 'f', '2008-10-02', 'East', 63);
INSERT INTO `profiles` (`user_id`, `sex`, `birthday`, `hometown`, `photo_id`) VALUES (64, 'f', '2019-04-20', 'Lake', 64);
INSERT INTO `profiles` (`user_id`, `sex`, `birthday`, `hometown`, `photo_id`) VALUES (65, 'f', '1972-09-22', 'East', 65);
INSERT INTO `profiles` (`user_id`, `sex`, `birthday`, `hometown`, `photo_id`) VALUES (66, 'm', '2000-12-14', 'West', 66);
INSERT INTO `profiles` (`user_id`, `sex`, `birthday`, `hometown`, `photo_id`) VALUES (67, 'f', '1982-07-08', 'Port', 67);
INSERT INTO `profiles` (`user_id`, `sex`, `birthday`, `hometown`, `photo_id`) VALUES (68, 'f', '1991-04-08', 'East', 68);
INSERT INTO `profiles` (`user_id`, `sex`, `birthday`, `hometown`, `photo_id`) VALUES (69, 'f', '2002-11-13', 'West', 69);
INSERT INTO `profiles` (`user_id`, `sex`, `birthday`, `hometown`, `photo_id`) VALUES (70, 'f', '1989-02-02', 'West', 70);
INSERT INTO `profiles` (`user_id`, `sex`, `birthday`, `hometown`, `photo_id`) VALUES (71, 'f', '1971-08-27', 'West', 71);
INSERT INTO `profiles` (`user_id`, `sex`, `birthday`, `hometown`, `photo_id`) VALUES (72, 'm', '1996-11-20', 'South', 72);
INSERT INTO `profiles` (`user_id`, `sex`, `birthday`, `hometown`, `photo_id`) VALUES (73, 'f', '1976-12-30', 'New', 73);
INSERT INTO `profiles` (`user_id`, `sex`, `birthday`, `hometown`, `photo_id`) VALUES (74, 'm', '2013-09-23', 'Port', 74);
INSERT INTO `profiles` (`user_id`, `sex`, `birthday`, `hometown`, `photo_id`) VALUES (75, 'm', '1978-07-25', 'North', 75);
INSERT INTO `profiles` (`user_id`, `sex`, `birthday`, `hometown`, `photo_id`) VALUES (76, 'm', '2016-06-30', 'Port', 76);
INSERT INTO `profiles` (`user_id`, `sex`, `birthday`, `hometown`, `photo_id`) VALUES (77, 'f', '1979-07-12', 'North', 77);
INSERT INTO `profiles` (`user_id`, `sex`, `birthday`, `hometown`, `photo_id`) VALUES (78, 'm', '2010-03-01', 'West', 78);
INSERT INTO `profiles` (`user_id`, `sex`, `birthday`, `hometown`, `photo_id`) VALUES (79, 'f', '1983-04-07', 'New', 79);
INSERT INTO `profiles` (`user_id`, `sex`, `birthday`, `hometown`, `photo_id`) VALUES (80, 'm', '2013-09-27', 'East', 80);
INSERT INTO `profiles` (`user_id`, `sex`, `birthday`, `hometown`, `photo_id`) VALUES (81, 'm', '1981-07-13', 'North', 81);
INSERT INTO `profiles` (`user_id`, `sex`, `birthday`, `hometown`, `photo_id`) VALUES (82, 'm', '1983-12-25', 'North', 82);
INSERT INTO `profiles` (`user_id`, `sex`, `birthday`, `hometown`, `photo_id`) VALUES (83, 'm', '1970-12-17', 'South', 83);
INSERT INTO `profiles` (`user_id`, `sex`, `birthday`, `hometown`, `photo_id`) VALUES (84, 'm', '2004-12-07', 'North', 84);
INSERT INTO `profiles` (`user_id`, `sex`, `birthday`, `hometown`, `photo_id`) VALUES (85, 'm', '1995-01-01', 'Lake', 85);
INSERT INTO `profiles` (`user_id`, `sex`, `birthday`, `hometown`, `photo_id`) VALUES (86, 'f', '1982-11-27', 'South', 86);
INSERT INTO `profiles` (`user_id`, `sex`, `birthday`, `hometown`, `photo_id`) VALUES (87, 'f', '1997-10-01', 'Lake', 87);
INSERT INTO `profiles` (`user_id`, `sex`, `birthday`, `hometown`, `photo_id`) VALUES (88, 'f', '2003-01-28', 'East', 88);
INSERT INTO `profiles` (`user_id`, `sex`, `birthday`, `hometown`, `photo_id`) VALUES (89, 'f', '1979-09-18', 'East', 89);
INSERT INTO `profiles` (`user_id`, `sex`, `birthday`, `hometown`, `photo_id`) VALUES (90, 'f', '1983-06-19', 'Lake', 90);
INSERT INTO `profiles` (`user_id`, `sex`, `birthday`, `hometown`, `photo_id`) VALUES (91, 'm', '1976-01-07', 'Port', 91);
INSERT INTO `profiles` (`user_id`, `sex`, `birthday`, `hometown`, `photo_id`) VALUES (92, 'm', '2017-09-30', 'East', 92);
INSERT INTO `profiles` (`user_id`, `sex`, `birthday`, `hometown`, `photo_id`) VALUES (93, 'm', '2017-05-21', 'North', 93);
INSERT INTO `profiles` (`user_id`, `sex`, `birthday`, `hometown`, `photo_id`) VALUES (94, 'm', '2014-12-14', 'West', 94);
INSERT INTO `profiles` (`user_id`, `sex`, `birthday`, `hometown`, `photo_id`) VALUES (95, 'm', '2006-07-07', 'South', 95);
INSERT INTO `profiles` (`user_id`, `sex`, `birthday`, `hometown`, `photo_id`) VALUES (96, 'm', '1979-12-06', 'South', 96);
INSERT INTO `profiles` (`user_id`, `sex`, `birthday`, `hometown`, `photo_id`) VALUES (97, 'f', '2012-12-09', 'Lake', 97);
INSERT INTO `profiles` (`user_id`, `sex`, `birthday`, `hometown`, `photo_id`) VALUES (98, 'f', '1974-12-28', 'South', 98);
INSERT INTO `profiles` (`user_id`, `sex`, `birthday`, `hometown`, `photo_id`) VALUES (99, 'm', '1978-06-25', 'North', 99);
INSERT INTO `profiles` (`user_id`, `sex`, `birthday`, `hometown`, `photo_id`) VALUES (100, 'm', '2011-02-22', 'New', 100);


#
# TABLE STRUCTURE FOR: users
#

DROP TABLE IF EXISTS `users`;

CREATE TABLE `users` (
  `id` int(10) unsigned NOT NULL AUTO_INCREMENT,
  `first_name` varchar(100) COLLATE utf8_unicode_ci NOT NULL,
  `last_name` varchar(100) COLLATE utf8_unicode_ci NOT NULL,
  `email` varchar(120) COLLATE utf8_unicode_ci NOT NULL,
  `phone` varchar(120) COLLATE utf8_unicode_ci NOT NULL,
  `created_at` datetime DEFAULT current_timestamp(),
  `updated_at` datetime DEFAULT current_timestamp() ON UPDATE current_timestamp(),
  PRIMARY KEY (`id`),
  UNIQUE KEY `email` (`email`),
  UNIQUE KEY `phone` (`phone`)
) ENGINE=InnoDB AUTO_INCREMENT=101 DEFAULT CHARSET=utf8 COLLATE=utf8_unicode_ci;

INSERT INTO `users` (`id`, `first_name`, `last_name`, `email`, `phone`, `created_at`, `updated_at`) VALUES (1, 'Trey', 'Baumbach', 'fyost@example.com', '1-350-335-8419x7185', '2013-05-21 13:53:26', '1997-04-11 17:13:36');
INSERT INTO `users` (`id`, `first_name`, `last_name`, `email`, `phone`, `created_at`, `updated_at`) VALUES (2, 'Jolie', 'Waelchi', 'kaitlyn77@example.org', '414.505.9463x59325', '1975-04-10 17:33:12', '1982-04-30 12:46:51');
INSERT INTO `users` (`id`, `first_name`, `last_name`, `email`, `phone`, `created_at`, `updated_at`) VALUES (3, 'Maverick', 'Koch', 'davonte.kunde@example.com', '218-894-3387x2176', '2013-12-26 21:33:03', '1980-04-29 20:22:16');
INSERT INTO `users` (`id`, `first_name`, `last_name`, `email`, `phone`, `created_at`, `updated_at`) VALUES (4, 'Triston', 'Marquardt', 'pkautzer@example.org', '1-184-814-8606x965', '1988-03-21 18:59:52', '2002-09-16 17:59:22');
INSERT INTO `users` (`id`, `first_name`, `last_name`, `email`, `phone`, `created_at`, `updated_at`) VALUES (5, 'Zora', 'Bartoletti', 'uziemann@example.org', '226-392-3607x872', '2010-05-13 08:36:28', '1991-12-30 02:40:45');
INSERT INTO `users` (`id`, `first_name`, `last_name`, `email`, `phone`, `created_at`, `updated_at`) VALUES (6, 'Nikki', 'Wintheiser', 'nya.hodkiewicz@example.org', '09219467103', '2004-09-28 23:05:36', '1973-11-09 11:57:10');
INSERT INTO `users` (`id`, `first_name`, `last_name`, `email`, `phone`, `created_at`, `updated_at`) VALUES (7, 'Lyda', 'Osinski', 'yoshiko33@example.net', '01036956865', '2012-03-03 11:29:31', '1997-05-06 20:36:49');
INSERT INTO `users` (`id`, `first_name`, `last_name`, `email`, `phone`, `created_at`, `updated_at`) VALUES (8, 'Adrien', 'Stokes', 'nmarvin@example.net', '939-626-7007', '2017-01-19 16:53:23', '2007-10-25 01:52:17');
INSERT INTO `users` (`id`, `first_name`, `last_name`, `email`, `phone`, `created_at`, `updated_at`) VALUES (9, 'Elena', 'Erdman', 'evert82@example.net', '(150)855-3422x800', '2007-08-09 13:52:50', '2007-08-20 01:04:13');
INSERT INTO `users` (`id`, `first_name`, `last_name`, `email`, `phone`, `created_at`, `updated_at`) VALUES (10, 'Juvenal', 'Beahan', 'runte.wendell@example.com', '221-919-7124x7168', '2002-10-19 06:47:11', '2011-06-02 13:12:20');
INSERT INTO `users` (`id`, `first_name`, `last_name`, `email`, `phone`, `created_at`, `updated_at`) VALUES (11, 'Misael', 'Gaylord', 'keebler.myrna@example.org', '+36(6)2235221346', '2001-05-29 08:11:16', '1980-10-05 01:51:07');
INSERT INTO `users` (`id`, `first_name`, `last_name`, `email`, `phone`, `created_at`, `updated_at`) VALUES (12, 'Buck', 'O\'Reilly', 'rex.abbott@example.org', '1-841-673-0425', '2018-07-22 19:58:13', '2006-02-07 11:58:16');
INSERT INTO `users` (`id`, `first_name`, `last_name`, `email`, `phone`, `created_at`, `updated_at`) VALUES (13, 'Kelli', 'Heathcote', 'ipagac@example.com', '(912)718-5159x225', '1999-06-07 13:05:22', '2012-06-08 08:25:28');
INSERT INTO `users` (`id`, `first_name`, `last_name`, `email`, `phone`, `created_at`, `updated_at`) VALUES (14, 'Penelope', 'O\'Hara', 'deonte.boyle@example.org', '632-275-9545x085', '2018-09-23 08:49:40', '1981-03-22 05:17:30');
INSERT INTO `users` (`id`, `first_name`, `last_name`, `email`, `phone`, `created_at`, `updated_at`) VALUES (15, 'Cristal', 'Windler', 'zauer@example.net', '(581)368-5697x2267', '2019-03-03 19:48:22', '1980-01-15 05:01:28');
INSERT INTO `users` (`id`, `first_name`, `last_name`, `email`, `phone`, `created_at`, `updated_at`) VALUES (16, 'Cheyanne', 'Green', 'cmurazik@example.net', '(392)942-7765', '1975-07-28 02:37:11', '2014-12-17 06:08:00');
INSERT INTO `users` (`id`, `first_name`, `last_name`, `email`, `phone`, `created_at`, `updated_at`) VALUES (17, 'Jillian', 'Metz', 'erdman.robin@example.org', '363.364.2887', '2005-03-24 19:59:10', '2018-05-09 16:06:27');
INSERT INTO `users` (`id`, `first_name`, `last_name`, `email`, `phone`, `created_at`, `updated_at`) VALUES (18, 'Jacques', 'McClure', 'mfeeney@example.com', '1-278-434-0823', '2002-08-07 18:28:58', '1986-04-15 03:13:29');
INSERT INTO `users` (`id`, `first_name`, `last_name`, `email`, `phone`, `created_at`, `updated_at`) VALUES (19, 'Charlie', 'Beier', 'madilyn25@example.com', '006.597.6438', '1999-10-01 01:15:01', '2012-03-17 19:54:20');
INSERT INTO `users` (`id`, `first_name`, `last_name`, `email`, `phone`, `created_at`, `updated_at`) VALUES (20, 'Yesenia', 'Schiller', 'wendell21@example.net', '889-250-1082', '2004-03-03 09:17:23', '2016-07-08 23:39:33');
INSERT INTO `users` (`id`, `first_name`, `last_name`, `email`, `phone`, `created_at`, `updated_at`) VALUES (21, 'Herminia', 'Stroman', 'izabella.lesch@example.net', '+68(7)5249430420', '2011-09-14 15:19:19', '1994-07-18 11:38:48');
INSERT INTO `users` (`id`, `first_name`, `last_name`, `email`, `phone`, `created_at`, `updated_at`) VALUES (22, 'Donny', 'Sauer', 'weimann.marquis@example.com', '885.448.8488x8111', '1973-07-22 09:53:59', '1997-03-04 03:38:22');
INSERT INTO `users` (`id`, `first_name`, `last_name`, `email`, `phone`, `created_at`, `updated_at`) VALUES (23, 'Dominique', 'Sauer', 'sim84@example.org', '04499732723', '2009-03-21 12:32:15', '1977-04-17 13:41:20');
INSERT INTO `users` (`id`, `first_name`, `last_name`, `email`, `phone`, `created_at`, `updated_at`) VALUES (24, 'Charlie', 'McLaughlin', 'konopelski.abel@example.com', '(793)947-0121x17735', '2012-04-04 10:03:18', '1999-02-07 19:52:27');
INSERT INTO `users` (`id`, `first_name`, `last_name`, `email`, `phone`, `created_at`, `updated_at`) VALUES (25, 'Ada', 'Ernser', 'langworth.jonathan@example.com', '363-662-9837x73294', '1971-01-09 02:45:25', '2001-08-08 03:32:55');
INSERT INTO `users` (`id`, `first_name`, `last_name`, `email`, `phone`, `created_at`, `updated_at`) VALUES (26, 'Hipolito', 'Barton', 'marisol.barton@example.com', '(181)599-1239x284', '1984-04-17 22:13:11', '1975-02-13 16:47:13');
INSERT INTO `users` (`id`, `first_name`, `last_name`, `email`, `phone`, `created_at`, `updated_at`) VALUES (27, 'Sarai', 'Schulist', 'marina.schoen@example.com', '843.504.8962x7899', '1994-11-06 14:25:53', '1988-07-13 12:40:58');
INSERT INTO `users` (`id`, `first_name`, `last_name`, `email`, `phone`, `created_at`, `updated_at`) VALUES (28, 'Miles', 'Bruen', 'adell.brekke@example.org', '03083711690', '1972-07-06 13:14:44', '1983-05-02 16:37:35');
INSERT INTO `users` (`id`, `first_name`, `last_name`, `email`, `phone`, `created_at`, `updated_at`) VALUES (29, 'Araceli', 'Walter', 'amiya.walker@example.net', '+03(5)6739410589', '2007-08-13 08:26:15', '1993-05-17 10:12:38');
INSERT INTO `users` (`id`, `first_name`, `last_name`, `email`, `phone`, `created_at`, `updated_at`) VALUES (30, 'Cathrine', 'Jenkins', 'tre.baumbach@example.org', '829.733.6748x52897', '1993-01-13 02:55:42', '1990-12-03 15:28:15');
INSERT INTO `users` (`id`, `first_name`, `last_name`, `email`, `phone`, `created_at`, `updated_at`) VALUES (31, 'Bo', 'Oberbrunner', 'conrad.hessel@example.net', '(830)493-1254', '1974-03-23 08:13:01', '1970-12-05 08:08:51');
INSERT INTO `users` (`id`, `first_name`, `last_name`, `email`, `phone`, `created_at`, `updated_at`) VALUES (32, 'Lucius', 'McKenzie', 'lexie42@example.com', '04145062317', '1996-08-09 05:41:50', '2008-11-23 09:47:37');
INSERT INTO `users` (`id`, `first_name`, `last_name`, `email`, `phone`, `created_at`, `updated_at`) VALUES (33, 'Anthony', 'West', 'esmeralda.hilll@example.com', '1-045-059-5555x6511', '1975-04-07 07:53:05', '2005-08-28 17:04:53');
INSERT INTO `users` (`id`, `first_name`, `last_name`, `email`, `phone`, `created_at`, `updated_at`) VALUES (34, 'Jean', 'Spinka', 'blanca28@example.com', '+60(6)6596754427', '1991-05-31 23:07:25', '1993-10-08 04:37:43');
INSERT INTO `users` (`id`, `first_name`, `last_name`, `email`, `phone`, `created_at`, `updated_at`) VALUES (35, 'Rebeca', 'Adams', 'murphy09@example.net', '1-060-640-6853x21197', '1985-08-18 18:14:54', '2003-03-07 06:20:19');
INSERT INTO `users` (`id`, `first_name`, `last_name`, `email`, `phone`, `created_at`, `updated_at`) VALUES (36, 'Melany', 'Dare', 'trevor.rowe@example.org', '519.329.9248', '1971-01-02 01:14:51', '1988-04-29 05:23:21');
INSERT INTO `users` (`id`, `first_name`, `last_name`, `email`, `phone`, `created_at`, `updated_at`) VALUES (37, 'Edward', 'Kilback', 'vmorissette@example.org', '1-456-704-1470x0010', '2019-05-17 04:25:02', '2000-01-16 17:41:31');
INSERT INTO `users` (`id`, `first_name`, `last_name`, `email`, `phone`, `created_at`, `updated_at`) VALUES (38, 'Edyth', 'Marquardt', 'pacocha.silas@example.org', '+98(4)0825570249', '2001-06-25 10:55:55', '1987-12-26 18:39:29');
INSERT INTO `users` (`id`, `first_name`, `last_name`, `email`, `phone`, `created_at`, `updated_at`) VALUES (39, 'Alessandra', 'Ebert', 'johnson.nathaniel@example.org', '1-822-223-4560x145', '2012-05-12 14:49:42', '1970-11-06 22:32:38');
INSERT INTO `users` (`id`, `first_name`, `last_name`, `email`, `phone`, `created_at`, `updated_at`) VALUES (40, 'Alanna', 'Bosco', 'stiedemann.evert@example.com', '(219)969-4721x9783', '2013-06-23 02:19:37', '1989-09-06 06:50:01');
INSERT INTO `users` (`id`, `first_name`, `last_name`, `email`, `phone`, `created_at`, `updated_at`) VALUES (41, 'Hal', 'Lakin', 'elisabeth.gleason@example.com', '1-644-589-7643x0384', '1977-05-06 17:24:29', '1978-09-03 08:14:58');
INSERT INTO `users` (`id`, `first_name`, `last_name`, `email`, `phone`, `created_at`, `updated_at`) VALUES (42, 'Aida', 'Howell', 'quigley.iva@example.net', '1-951-076-7133x5301', '1988-06-19 11:10:08', '2010-11-15 20:16:01');
INSERT INTO `users` (`id`, `first_name`, `last_name`, `email`, `phone`, `created_at`, `updated_at`) VALUES (43, 'Madeline', 'Dickens', 'btremblay@example.org', '135.056.9592', '2017-08-18 00:03:05', '1997-04-22 12:43:42');
INSERT INTO `users` (`id`, `first_name`, `last_name`, `email`, `phone`, `created_at`, `updated_at`) VALUES (44, 'Gennaro', 'Gerlach', 'emil.ferry@example.net', '+45(9)6234489786', '1981-01-29 20:06:38', '1977-04-19 08:09:52');
INSERT INTO `users` (`id`, `first_name`, `last_name`, `email`, `phone`, `created_at`, `updated_at`) VALUES (45, 'Karlie', 'Lind', 'elody.kessler@example.net', '(453)276-4365x758', '1996-01-29 17:48:57', '2014-10-03 00:51:04');
INSERT INTO `users` (`id`, `first_name`, `last_name`, `email`, `phone`, `created_at`, `updated_at`) VALUES (46, 'Elissa', 'Greenfelder', 'eulah89@example.org', '1-559-523-6035x8688', '1989-05-01 03:14:35', '1995-11-09 04:10:07');
INSERT INTO `users` (`id`, `first_name`, `last_name`, `email`, `phone`, `created_at`, `updated_at`) VALUES (47, 'Johann', 'Quitzon', 'angelica20@example.org', '564-493-1624', '2005-07-10 07:30:24', '2019-11-28 03:16:15');
INSERT INTO `users` (`id`, `first_name`, `last_name`, `email`, `phone`, `created_at`, `updated_at`) VALUES (48, 'Nathanial', 'Will', 'christ80@example.com', '(003)829-9251x372', '1981-03-09 07:11:46', '1970-10-09 15:09:23');
INSERT INTO `users` (`id`, `first_name`, `last_name`, `email`, `phone`, `created_at`, `updated_at`) VALUES (49, 'Giuseppe', 'Williamson', 'larue.hills@example.com', '488.486.3818x559', '2014-02-15 00:36:54', '1981-01-03 01:49:47');
INSERT INTO `users` (`id`, `first_name`, `last_name`, `email`, `phone`, `created_at`, `updated_at`) VALUES (50, 'Larissa', 'Reilly', 'betsy23@example.org', '(781)921-8712x72729', '1972-09-30 04:49:21', '1981-07-15 09:21:37');
INSERT INTO `users` (`id`, `first_name`, `last_name`, `email`, `phone`, `created_at`, `updated_at`) VALUES (51, 'Anastasia', 'Morar', 'bertrand70@example.com', '(149)452-2097', '2004-10-19 19:20:44', '1970-03-11 08:07:41');
INSERT INTO `users` (`id`, `first_name`, `last_name`, `email`, `phone`, `created_at`, `updated_at`) VALUES (52, 'Dina', 'Ferry', 'lcollins@example.net', '04106467510', '2002-08-15 01:39:41', '1983-02-08 11:15:17');
INSERT INTO `users` (`id`, `first_name`, `last_name`, `email`, `phone`, `created_at`, `updated_at`) VALUES (53, 'Garrison', 'Raynor', 'halvorson.jaylin@example.net', '072.697.4624', '1975-01-28 22:34:10', '1970-09-06 05:48:40');
INSERT INTO `users` (`id`, `first_name`, `last_name`, `email`, `phone`, `created_at`, `updated_at`) VALUES (54, 'Oma', 'Nolan', 'marie.raynor@example.net', '+27(0)5280056243', '1985-04-03 22:19:16', '1996-05-21 19:09:10');
INSERT INTO `users` (`id`, `first_name`, `last_name`, `email`, `phone`, `created_at`, `updated_at`) VALUES (55, 'Aileen', 'Auer', 'fannie.crooks@example.org', '+32(0)6000928785', '2003-06-03 11:42:19', '1973-07-25 19:40:44');
INSERT INTO `users` (`id`, `first_name`, `last_name`, `email`, `phone`, `created_at`, `updated_at`) VALUES (56, 'Bella', 'Gusikowski', 'aliya90@example.com', '068-754-0547x317', '2019-12-04 08:58:29', '1977-05-13 21:04:38');
INSERT INTO `users` (`id`, `first_name`, `last_name`, `email`, `phone`, `created_at`, `updated_at`) VALUES (57, 'Amely', 'Leuschke', 'marisol31@example.com', '103-562-9660x72546', '2011-10-26 08:08:37', '2008-08-21 16:52:56');
INSERT INTO `users` (`id`, `first_name`, `last_name`, `email`, `phone`, `created_at`, `updated_at`) VALUES (58, 'Anya', 'Mueller', 'dominique61@example.com', '154-761-8509x883', '2016-02-22 10:50:02', '1974-11-26 04:31:24');
INSERT INTO `users` (`id`, `first_name`, `last_name`, `email`, `phone`, `created_at`, `updated_at`) VALUES (59, 'Dock', 'Funk', 'greg.veum@example.org', '+75(4)0650950939', '1987-07-11 23:11:12', '1970-10-17 09:56:54');
INSERT INTO `users` (`id`, `first_name`, `last_name`, `email`, `phone`, `created_at`, `updated_at`) VALUES (60, 'Hank', 'Sawayn', 'dparisian@example.com', '(444)760-4496', '2013-03-02 19:46:41', '2011-10-02 13:27:31');
INSERT INTO `users` (`id`, `first_name`, `last_name`, `email`, `phone`, `created_at`, `updated_at`) VALUES (61, 'Royce', 'Rogahn', 'ledner.micah@example.com', '257.977.6073', '1987-06-23 18:25:37', '2002-05-20 14:17:41');
INSERT INTO `users` (`id`, `first_name`, `last_name`, `email`, `phone`, `created_at`, `updated_at`) VALUES (62, 'Micah', 'Ledner', 'nblick@example.com', '(885)363-8938', '2006-02-25 19:39:30', '2009-11-05 20:13:48');
INSERT INTO `users` (`id`, `first_name`, `last_name`, `email`, `phone`, `created_at`, `updated_at`) VALUES (63, 'Marilou', 'Mann', 'grimes.edgar@example.net', '(162)644-7669x82548', '2019-03-19 22:38:22', '1987-04-15 23:38:53');
INSERT INTO `users` (`id`, `first_name`, `last_name`, `email`, `phone`, `created_at`, `updated_at`) VALUES (64, 'Imogene', 'Dooley', 'jacobson.maud@example.com', '(725)438-4468x472', '2010-10-21 23:51:14', '2001-05-06 13:56:11');
INSERT INTO `users` (`id`, `first_name`, `last_name`, `email`, `phone`, `created_at`, `updated_at`) VALUES (65, 'Jessica', 'Fritsch', 'otis.bernhard@example.com', '917.165.3403x564', '1997-03-17 21:01:21', '1999-03-24 11:47:36');
INSERT INTO `users` (`id`, `first_name`, `last_name`, `email`, `phone`, `created_at`, `updated_at`) VALUES (66, 'Alvera', 'Hessel', 'yhowe@example.net', '847-512-6633x69271', '1979-12-25 19:35:41', '1982-02-11 00:05:23');
INSERT INTO `users` (`id`, `first_name`, `last_name`, `email`, `phone`, `created_at`, `updated_at`) VALUES (67, 'Aubree', 'Stamm', 'eugenia37@example.net', '1-562-333-0362x2220', '2012-03-14 19:40:11', '2007-11-02 10:23:30');
INSERT INTO `users` (`id`, `first_name`, `last_name`, `email`, `phone`, `created_at`, `updated_at`) VALUES (68, 'Reginald', 'Ryan', 'mkulas@example.com', '1-188-283-1752', '1975-07-05 17:38:09', '1994-12-01 15:43:56');
INSERT INTO `users` (`id`, `first_name`, `last_name`, `email`, `phone`, `created_at`, `updated_at`) VALUES (69, 'Casey', 'Hudson', 'wisozk.ernie@example.org', '01320224536', '2000-06-14 05:47:42', '1993-06-04 11:10:06');
INSERT INTO `users` (`id`, `first_name`, `last_name`, `email`, `phone`, `created_at`, `updated_at`) VALUES (70, 'Loma', 'Rosenbaum', 'freeda63@example.org', '(822)465-2295', '1996-03-16 13:18:37', '2014-01-13 17:02:43');
INSERT INTO `users` (`id`, `first_name`, `last_name`, `email`, `phone`, `created_at`, `updated_at`) VALUES (71, 'Isobel', 'Bechtelar', 'jlubowitz@example.com', '959-698-5066', '2013-08-04 05:18:42', '1977-07-31 06:49:38');
INSERT INTO `users` (`id`, `first_name`, `last_name`, `email`, `phone`, `created_at`, `updated_at`) VALUES (72, 'Stephany', 'Bednar', 'cathrine.hagenes@example.com', '1-731-716-5739x42699', '1988-11-23 18:20:20', '1973-07-24 00:12:08');
INSERT INTO `users` (`id`, `first_name`, `last_name`, `email`, `phone`, `created_at`, `updated_at`) VALUES (73, 'Deon', 'Moen', 'gturcotte@example.org', '(778)381-7772', '1982-09-14 02:16:10', '2007-05-03 19:52:04');
INSERT INTO `users` (`id`, `first_name`, `last_name`, `email`, `phone`, `created_at`, `updated_at`) VALUES (74, 'Tomasa', 'Haley', 'adrien.durgan@example.net', '(143)502-5433x9924', '2010-02-20 11:05:37', '2009-09-08 10:56:46');
INSERT INTO `users` (`id`, `first_name`, `last_name`, `email`, `phone`, `created_at`, `updated_at`) VALUES (75, 'Foster', 'Mayer', 'christopher.bechtelar@example.org', '755.233.7575x16918', '2007-07-01 04:53:00', '2014-04-23 01:24:13');
INSERT INTO `users` (`id`, `first_name`, `last_name`, `email`, `phone`, `created_at`, `updated_at`) VALUES (76, 'Karli', 'Towne', 'ignatius.ankunding@example.com', '06856549968', '1974-03-18 20:48:54', '2007-02-17 04:49:21');
INSERT INTO `users` (`id`, `first_name`, `last_name`, `email`, `phone`, `created_at`, `updated_at`) VALUES (77, 'Rickie', 'Gutmann', 'ewell07@example.org', '(953)427-5289x1621', '1999-01-12 05:04:38', '1983-09-03 00:27:53');
INSERT INTO `users` (`id`, `first_name`, `last_name`, `email`, `phone`, `created_at`, `updated_at`) VALUES (78, 'Jakob', 'Altenwerth', 'williamson.janessa@example.org', '360.906.0969', '2015-03-30 20:16:29', '2011-11-23 07:10:26');
INSERT INTO `users` (`id`, `first_name`, `last_name`, `email`, `phone`, `created_at`, `updated_at`) VALUES (79, 'Domenica', 'Berge', 'francis.block@example.net', '(285)349-5196x6549', '1981-12-20 12:41:56', '1994-10-12 05:29:03');
INSERT INTO `users` (`id`, `first_name`, `last_name`, `email`, `phone`, `created_at`, `updated_at`) VALUES (80, 'Priscilla', 'Schoen', 'chyna59@example.com', '832.218.8644x34812', '1980-08-24 09:38:14', '2009-03-14 02:22:02');
INSERT INTO `users` (`id`, `first_name`, `last_name`, `email`, `phone`, `created_at`, `updated_at`) VALUES (81, 'Alayna', 'Lubowitz', 'sankunding@example.org', '737-225-2938', '2013-11-08 12:39:29', '1992-03-19 05:40:00');
INSERT INTO `users` (`id`, `first_name`, `last_name`, `email`, `phone`, `created_at`, `updated_at`) VALUES (82, 'Triston', 'Johnson', 'olaf.leuschke@example.net', '006.698.2863x250', '2003-02-12 06:59:35', '2000-05-31 01:17:38');
INSERT INTO `users` (`id`, `first_name`, `last_name`, `email`, `phone`, `created_at`, `updated_at`) VALUES (83, 'Triston', 'Wiegand', 'maeve93@example.com', '1-403-633-9727x7035', '1996-06-07 20:09:20', '1972-09-13 15:24:27');
INSERT INTO `users` (`id`, `first_name`, `last_name`, `email`, `phone`, `created_at`, `updated_at`) VALUES (84, 'Vivianne', 'Gerhold', 'ismael89@example.com', '906-131-9497', '1999-10-24 07:21:23', '1994-01-27 18:42:42');
INSERT INTO `users` (`id`, `first_name`, `last_name`, `email`, `phone`, `created_at`, `updated_at`) VALUES (85, 'Antwon', 'Brown', 'gottlieb.blair@example.com', '192-207-5271x357', '2002-07-13 01:37:37', '1975-03-11 01:58:45');
INSERT INTO `users` (`id`, `first_name`, `last_name`, `email`, `phone`, `created_at`, `updated_at`) VALUES (86, 'Martine', 'Keebler', 'gideon31@example.org', '531.649.7045x7976', '2013-01-15 01:55:11', '1975-11-23 05:00:24');
INSERT INTO `users` (`id`, `first_name`, `last_name`, `email`, `phone`, `created_at`, `updated_at`) VALUES (87, 'Aaliyah', 'Hahn', 'arianna.ledner@example.net', '1-294-737-5727x50704', '1973-11-24 04:40:08', '2015-01-10 09:10:46');
INSERT INTO `users` (`id`, `first_name`, `last_name`, `email`, `phone`, `created_at`, `updated_at`) VALUES (88, 'Josh', 'Bogan', 'oscar86@example.org', '160-387-5474x548', '2009-02-18 21:49:12', '1982-05-14 05:31:26');
INSERT INTO `users` (`id`, `first_name`, `last_name`, `email`, `phone`, `created_at`, `updated_at`) VALUES (89, 'Ila', 'Becker', 'keegan.kuvalis@example.org', '(575)848-8964x91284', '1988-05-20 22:36:48', '2011-02-15 18:30:00');
INSERT INTO `users` (`id`, `first_name`, `last_name`, `email`, `phone`, `created_at`, `updated_at`) VALUES (90, 'Gwen', 'Carroll', 'raphaelle10@example.org', '457-662-3293', '1986-10-20 15:37:09', '1988-11-10 09:54:25');
INSERT INTO `users` (`id`, `first_name`, `last_name`, `email`, `phone`, `created_at`, `updated_at`) VALUES (91, 'Jordon', 'Kuvalis', 'keanu.bode@example.com', '(794)973-6364x9131', '2005-03-17 07:01:35', '1979-02-20 05:48:31');
INSERT INTO `users` (`id`, `first_name`, `last_name`, `email`, `phone`, `created_at`, `updated_at`) VALUES (92, 'Derek', 'Hansen', 'opal.murphy@example.org', '(446)484-9816x422', '2000-06-21 01:19:29', '2011-02-04 13:20:26');
INSERT INTO `users` (`id`, `first_name`, `last_name`, `email`, `phone`, `created_at`, `updated_at`) VALUES (93, 'Enrique', 'Miller', 'xadams@example.com', '246.726.5370x9649', '1973-04-04 08:36:02', '1973-03-08 18:13:15');
INSERT INTO `users` (`id`, `first_name`, `last_name`, `email`, `phone`, `created_at`, `updated_at`) VALUES (94, 'Eliza', 'Willms', 'brown.lance@example.net', '1-194-341-4641', '2012-05-02 16:27:54', '2003-08-06 16:01:41');
INSERT INTO `users` (`id`, `first_name`, `last_name`, `email`, `phone`, `created_at`, `updated_at`) VALUES (95, 'Constantin', 'Spencer', 'eheaney@example.net', '482-816-4653x7602', '2006-11-27 03:41:09', '1974-01-30 10:07:23');
INSERT INTO `users` (`id`, `first_name`, `last_name`, `email`, `phone`, `created_at`, `updated_at`) VALUES (96, 'Wilson', 'Kris', 'senger.katlyn@example.com', '160-192-6958x466', '2003-01-15 13:49:14', '1972-12-23 19:34:59');
INSERT INTO `users` (`id`, `first_name`, `last_name`, `email`, `phone`, `created_at`, `updated_at`) VALUES (97, 'Joyce', 'Lesch', 'hnitzsche@example.com', '1-171-523-3638x935', '1996-02-04 13:39:57', '2019-08-16 15:37:50');
INSERT INTO `users` (`id`, `first_name`, `last_name`, `email`, `phone`, `created_at`, `updated_at`) VALUES (98, 'Della', 'Kassulke', 'delpha.mcclure@example.net', '01181885435', '1994-02-13 23:52:42', '2010-07-20 08:19:01');
INSERT INTO `users` (`id`, `first_name`, `last_name`, `email`, `phone`, `created_at`, `updated_at`) VALUES (99, 'Walker', 'Kovacek', 'phyatt@example.org', '(264)578-4854x8009', '1980-08-14 01:25:04', '1975-10-09 20:21:22');
INSERT INTO `users` (`id`, `first_name`, `last_name`, `email`, `phone`, `created_at`, `updated_at`) VALUES (100, 'Myron', 'Metz', 'isabella34@example.com', '02088397719', '1979-03-20 12:00:32', '1984-07-12 12:57:38');


